Order_ID,Date,Customer_ID,Gender,Age,Region,Category,Product_Name,Quantity,Unit_Price,Total_Sales,Payment_Method,Customer_Rating,Returned
ORD10474,2025-01-01,CUST302,Male,48.0,North,Clothing,Jacket,5,2941.83,14709.15,Credit Card,3.0,No
ORD10731,2025-01-01,CUST301,Female,29.0,South,Beauty,Skincare Set,2,1296.23,2592.46,Net Banking,3.0,No
ORD10843,2025-01-01,CUST301,Male,37.0,North,Electronics,Smart Watch,3,4514.44,13543.32,UPI,4.0,Yes
ORD10557,2025-01-01,CUST123,Male,20.0,South,Clothing,Jacket,4,3080.04,12320.16,UPI,4.0,No
ORD10054,2025-01-02,CUST201,Male,30.0,East,Clothing,T-Shirt,1,768.77,768.77,Credit Card,4.0,No
ORD10191,2025-01-02,CUST109,Female,46.0,North,Electronics,Tablet,1,17281.69,17281.69,Net Banking,4.0,No
ORD10152,2025-01-02,CUST252,Female,30.0,East,Electronics,Wireless Headphones,2,2575.57,5151.14,UPI,5.0,Yes
ORD10658,2025-01-03,CUST294,Male,37.0,West,Books,Novel,4,388.48,1553.92,UPI,5.0,No
ORD10714,2025-01-04,CUST152,Female,56.0,North,Home & Kitchen,Blender,1,2233.93,2233.93,Debit Card,,Yes
ORD10971,2025-01-04,CUST130,Male,53.0,South,Clothing,Jacket,3,3026.27,9078.81,UPI,5.0,No
ORD10761,2025-01-05,CUST195,Female,22.0,East,Books,Python Guide,1,583.04,583.04,UPI,4.0,No
ORD10305,2025-01-05,CUST128,Male,53.0,South,Electronics,Smartphone,3,25568.17,76704.51,UPI,2.0,No
ORD10530,2025-01-05,CUST124,Male,59.0,East,Books,Novel,1,418.52,418.52,Net Banking,1.0,Yes
ORD10621,2025-01-05,CUST185,Male,63.0,North,Home & Kitchen,Cookware Set,2,4505.22,9010.44,Cash on Delivery,4.0,Yes
ORD10100,2025-01-05,CUST250,Female,52.0,South,Electronics,Tablet,1,17524.23,17524.23,UPI,5.0,No
ORD10710,2025-01-06,CUST272,Male,,South,Books,Self-Help Book,2,449.19,898.38,UPI,5.0,No
ORD10657,2025-01-07,CUST160,Male,38.0,South,Home & Kitchen,Blender,2,2166.04,4332.08,Credit Card,5.0,No
ORD10934,2025-01-07,CUST341,Male,32.0,South,Electronics,Smartphone,2,25928.88,51857.76,UPI,4.0,No
ORD10644,2025-01-08,CUST202,Female,40.0,East,Clothing,Jacket,1,2899.27,2899.27,Debit Card,5.0,No
ORD10511,2025-01-08,CUST307,Male,64.0,North,Books,Data Science Handbook,5,915.11,4575.55,Debit Card,4.0,No
ORD10913,2025-01-08,CUST138,Male,53.0,West,Clothing,Dress,5,1989.15,9945.75,Net Banking,4.0,No
ORD10432,2025-01-09,CUST136,Male,64.0,North,Books,Python Guide,3,572.47,1717.41,Credit Card,5.0,No
ORD10197,2025-01-09,CUST164,Male,34.0,Central,Clothing,Sneakers,4,3645.97,14583.88,Debit Card,3.0,No
ORD10527,2025-01-10,CUST262,Male,54.0,South,Books,Data Science Handbook,1,858.53,858.53,Cash on Delivery,4.0,No
ORD10737,2025-01-10,CUST290,Female,43.0,South,Home & Kitchen,Air Fryer,3,6601.53,19804.59,UPI,3.0,No
ORD10815,2025-01-11,CUST183,Female,30.0,Central,Electronics,Laptop,1,54615.97,54615.97,UPI,3.0,No
ORD10371,2025-01-12,CUST269,Female,26.0,Central,Clothing,Dress,1,2010.92,2010.92,Credit Card,4.0,No
ORD10506,2025-01-12,CUST283,Female,59.0,South,Books,Python Guide,1,583.31,583.31,UPI,,No
ORD10740,2025-01-13,CUST234,Female,49.0,Central,Electronics,Smartphone,2,25549.9,51099.8,Credit Card,5.0,No
ORD10041,2025-01-14,CUST270,Male,52.0,South,Clothing,Sneakers,2,3410.93,6821.86,UPI,4.0,No
ORD10106,2025-01-15,CUST113,Female,63.0,North,Beauty,Perfume,1,2487.32,2487.32,Cash on Delivery,3.0,No
ORD10663,2025-01-15,CUST172,Male,45.0,North,Electronics,Tablet,2,17282.3,34564.6,UPI,4.0,No
ORD10785,2025-01-15,CUST120,Male,20.0,South,Home & Kitchen,Cookware Set,1,4710.59,4710.59,UPI,4.0,No
ORD10075,2025-01-15,CUST322,Male,47.0,South,Home & Kitchen,Cookware Set,1,4596.17,4596.17,Credit Card,5.0,No
ORD10803,2025-01-15,CUST265,Female,22.0,East,Books,Data Science Handbook,2,935.32,1870.64,Debit Card,4.0,No
ORD10356,2025-01-16,CUST315,Male,24.0,East,Electronics,Smart Watch,2,4332.09,8664.18,Debit Card,4.0,No
ORD10982,2025-01-17,CUST341,Male,59.0,South,Books,Data Science Handbook,1,905.62,905.62,UPI,3.0,No
ORD10246,2025-01-17,CUST247,Male,42.0,West,Books,Self-Help Book,2,471.0,942.0,Credit Card,5.0,No
ORD10894,2025-01-18,CUST158,Female,36.0,South,Home & Kitchen,Blender,2,2185.43,4370.86,Net Banking,1.0,No
ORD10269,2025-01-18,CUST314,Female,58.0,South,Clothing,T-Shirt,1,762.05,762.05,Credit Card,3.0,Yes
ORD10893,2025-01-19,CUST344,Male,,West,Clothing,T-Shirt,4,806.76,3227.04,Debit Card,3.0,Yes
ORD10402,2025-01-19,CUST293,Female,28.0,East,Beauty,Perfume,1,2434.06,2434.06,UPI,4.0,No
ORD10286,2025-01-20,CUST259,Female,40.0,East,Home & Kitchen,Coffee Maker,2,3646.87,7293.74,UPI,2.0,No
ORD10036,2025-01-21,CUST139,Female,64.0,North,Electronics,Wireless Headphones,3,2436.36,7309.08,UPI,4.0,No
ORD10005,2025-01-21,CUST331,Female,28.0,East,Electronics,Tablet,5,17892.32,89461.6,Credit Card,4.0,No
ORD10230,2025-01-22,CUST297,Female,42.0,North,Books,Novel,1,413.03,413.03,UPI,4.0,No
ORD10025,2025-01-22,CUST180,Male,50.0,East,Home & Kitchen,Cookware Set,1,4476.09,4476.09,Cash on Delivery,5.0,No
ORD10773,2025-01-23,CUST138,Male,42.0,Central,Electronics,Laptop,1,57062.43,57062.43,UPI,5.0,No
ORD10348,2025-01-23,CUST139,Male,44.0,South,Beauty,Hair Dryer,1,1958.15,1958.15,UPI,5.0,No
ORD10550,2025-01-23,CUST343,Male,44.0,East,Home & Kitchen,Cookware Set,1,4319.89,4319.89,UPI,1.0,No
ORD10818,2025-01-23,CUST169,Male,32.0,South,Electronics,Smartphone,1,26231.49,26231.49,UPI,4.0,No
ORD10677,2025-01-25,CUST210,Male,64.0,South,Clothing,Jeans,1,1462.93,1462.93,UPI,4.0,Yes
ORD10863,2025-01-25,CUST264,Male,46.0,South,Home & Kitchen,Cookware Set,1,4597.52,4597.52,UPI,5.0,No
ORD10417,2025-01-25,CUST262,Male,36.0,North,Clothing,Sneakers,1,3600.65,3600.65,Credit Card,4.0,Yes
ORD10720,2025-01-26,CUST297,Female,34.0,West,Books,Data Science Handbook,1,933.3,933.3,UPI,5.0,No
ORD10642,2025-01-26,CUST293,Male,20.0,North,Clothing,Dress,2,1914.17,3828.34,Net Banking,5.0,No
ORD10986,2025-01-27,CUST172,Male,60.0,West,Clothing,T-Shirt,2,824.62,1649.24,Debit Card,5.0,No
ORD10236,2025-01-27,CUST110,Female,60.0,South,Clothing,Jeans,4,1563.21,6252.84,Credit Card,,No
ORD10091,2025-01-28,CUST332,Female,32.0,South,Home & Kitchen,Blender,2,2237.24,4474.48,Debit Card,1.0,No
ORD10120,2025-01-28,CUST321,Male,51.0,South,Home & Kitchen,Blender,1,2163.49,2163.49,Debit Card,3.0,No
ORD10650,2025-01-28,CUST325,Male,23.0,South,Books,Python Guide,2,594.77,1189.54,UPI,4.0,No
ORD10666,2025-01-28,CUST259,Female,53.0,North,Clothing,Jeans,1,1452.76,1452.76,UPI,4.0,No
ORD10444,2025-01-29,CUST111,Female,51.0,North,Clothing,T-Shirt,2,833.34,1666.68,Credit Card,4.0,No
ORD10834,2025-01-29,CUST250,Female,34.0,North,Clothing,Dress,1,1913.44,1913.44,Cash on Delivery,5.0,Yes
ORD10997,2025-01-29,CUST302,Male,55.0,West,Home & Kitchen,Coffee Maker,2,3459.03,6918.06,UPI,5.0,No
ORD10973,2025-01-29,CUST241,Male,63.0,South,Home & Kitchen,Cookware Set,3,4296.01,12888.03,Credit Card,3.0,No
ORD10885,2025-02-01,CUST119,Female,50.0,South,Beauty,Sunscreen,2,482.16,964.32,Debit Card,4.0,No
ORD10226,2025-02-02,CUST160,Female,43.0,West,Home & Kitchen,Air Fryer,1,6186.75,6186.75,Credit Card,4.0,No
ORD10094,2025-02-02,CUST146,Male,57.0,Central,Clothing,T-Shirt,1,766.98,766.98,UPI,4.0,No
ORD10981,2025-02-03,CUST293,Female,63.0,South,Electronics,Wireless Headphones,1,2501.97,2501.97,UPI,5.0,No
ORD10562,2025-02-03,CUST145,Male,52.0,South,Clothing,Jeans,1,1437.39,1437.39,UPI,3.0,No
ORD10687,2025-02-03,CUST253,Female,59.0,West,Electronics,Smartphone,1,24967.71,24967.71,Credit Card,5.0,No
ORD10375,2025-02-04,CUST265,Female,50.0,West,Home & Kitchen,Air Fryer,1,6505.51,6505.51,Credit Card,4.0,No
ORD10050,2025-02-04,CUST207,Male,36.0,South,Clothing,Jeans,1,1526.02,1526.02,Debit Card,4.0,No
ORD10115,2025-02-05,CUST158,Male,20.0,North,Electronics,Smartphone,1,25829.85,25829.85,Credit Card,,No
ORD10285,2025-02-05,CUST102,Male,62.0,North,Books,Data Science Handbook,2,902.65,1805.3,UPI,2.0,No
ORD10393,2025-02-06,CUST258,Male,61.0,East,Clothing,T-Shirt,1,765.93,765.93,Credit Card,5.0,No
ORD10255,2025-02-06,CUST206,Female,59.0,North,Clothing,Sneakers,2,3455.68,6911.36,Debit Card,4.0,No
ORD10195,2025-02-06,CUST183,Male,39.0,South,Electronics,Smart Watch,1,4369.19,4369.19,Credit Card,5.0,No
ORD10231,2025-02-07,CUST138,Male,27.0,Central,Electronics,Wireless Headphones,1,2422.64,2422.64,Cash on Delivery,5.0,No
ORD10465,2025-02-08,CUST106,Female,61.0,Central,Electronics,Laptop,1,56609.81,56609.81,Cash on Delivery,4.0,No
ORD10779,2025-02-08,CUST224,Female,19.0,South,Books,Self-Help Book,1,430.71,430.71,Credit Card,4.0,No
ORD10422,2025-02-08,CUST298,Female,21.0,North,Clothing,Dress,2,1949.42,3898.84,UPI,5.0,No
ORD10667,2025-02-08,CUST140,Female,64.0,South,Electronics,Wireless Headphones,5,2591.41,12957.05,UPI,4.0,No
ORD10279,2025-02-08,CUST262,Male,26.0,South,Electronics,Tablet,1,18864.01,18864.01,UPI,3.0,No
ORD10707,2025-02-09,CUST154,Male,34.0,West,Beauty,Hair Dryer,2,1807.54,3615.08,Debit Card,4.0,No
ORD10090,2025-02-10,CUST253,Male,18.0,Central,Clothing,T-Shirt,4,769.63,3078.52,UPI,4.0,Yes
ORD10518,2025-02-10,CUST296,Male,41.0,South,Electronics,Laptop,2,57745.64,115491.28,UPI,4.0,No
ORD10980,2025-02-10,CUST319,Male,25.0,North,Electronics,Tablet,1,18316.16,18316.16,UPI,4.0,Yes
ORD10073,2025-02-10,CUST182,Female,52.0,North,Clothing,Sneakers,1,3443.6,3443.6,Credit Card,1.0,No
ORD10424,2025-02-11,CUST332,Male,48.0,West,Beauty,Sunscreen,2,500.67,1001.34,UPI,4.0,No
ORD10978,2025-02-11,CUST189,Female,44.0,Central,Clothing,Dress,1,2070.08,2070.08,Credit Card,5.0,No
ORD10766,2025-02-11,CUST197,Male,30.0,East,Clothing,T-Shirt,1,770.63,770.63,Debit Card,5.0,No
ORD10607,2025-02-12,CUST235,Male,22.0,West,Clothing,T-Shirt,1,780.95,780.95,Cash on Delivery,5.0,No
ORD10368,2025-02-12,CUST144,Male,24.0,East,Home & Kitchen,Coffee Maker,1,3669.19,3669.19,Credit Card,4.0,No
ORD10251,2025-02-15,CUST342,Female,36.0,South,Home & Kitchen,Air Fryer,1,6402.62,6402.62,Net Banking,5.0,No
ORD10629,2025-02-15,CUST196,Male,18.0,East,Books,Python Guide,2,614.77,1229.54,UPI,2.0,No
ORD10337,2025-02-16,CUST180,Female,43.0,East,Electronics,Wireless Headphones,3,2530.59,7591.77,UPI,5.0,No
ORD10309,2025-02-16,CUST325,Male,30.0,Central,Home & Kitchen,Bed Sheet Set,3,1242.83,3728.49,Cash on Delivery,1.0,No
ORD10633,2025-02-16,CUST332,Female,44.0,East,Clothing,Jacket,3,2989.45,8968.35,UPI,3.0,No
ORD10496,2025-02-16,CUST274,Male,46.0,North,Books,Novel,4,408.8,1635.2,UPI,5.0,No
ORD10807,2025-02-16,CUST345,Male,39.0,East,Home & Kitchen,Cookware Set,1,4628.55,4628.55,Credit Card,,No
ORD10640,2025-02-17,CUST249,Female,59.0,South,Electronics,Smart Watch,1,4331.91,4331.91,Credit Card,4.0,No
ORD10095,2025-02-17,CUST131,Female,25.0,North,Home & Kitchen,Bed Sheet Set,2,1155.47,2310.94,Credit Card,4.0,No
ORD10872,2025-02-18,CUST155,Female,37.0,North,Home & Kitchen,Bed Sheet Set,1,1175.77,1175.77,Debit Card,5.0,No
ORD10244,2025-02-18,CUST158,Female,21.0,Central,Clothing,Dress,1,1940.53,1940.53,Cash on Delivery,2.0,No
ORD10558,2025-02-20,CUST159,Female,37.0,South,Electronics,Laptop,1,56711.08,56711.08,UPI,5.0,No
ORD10619,2025-02-20,CUST179,Male,36.0,North,Electronics,Smartphone,1,25495.18,25495.18,Credit Card,4.0,No
ORD10294,2025-02-20,CUST172,Male,53.0,North,Electronics,Smart Watch,1,4551.95,4551.95,Debit Card,2.0,No
ORD10920,2025-02-20,CUST271,Male,63.0,North,Home & Kitchen,Air Fryer,1,6741.37,6741.37,Credit Card,2.0,No
ORD10833,2025-02-20,CUST144,Male,27.0,West,Clothing,Sneakers,1,3634.67,3634.67,UPI,4.0,No
ORD10952,2025-02-22,CUST301,Female,49.0,West,Electronics,Laptop,3,55338.13,166014.39,UPI,5.0,No
ORD10304,2025-02-22,CUST319,Male,18.0,South,Electronics,Laptop,1,54597.35,54597.35,UPI,,No
ORD10603,2025-02-22,CUST316,Male,64.0,North,Clothing,T-Shirt,1,777.4,777.4,Debit Card,5.0,No
ORD10158,2025-02-22,CUST269,Male,,North,Home & Kitchen,Bed Sheet Set,1,1152.28,1152.28,UPI,1.0,No
ORD10068,2025-02-22,CUST146,Male,33.0,Central,Clothing,Sneakers,1,3667.95,3667.95,UPI,4.0,No
ORD10204,2025-02-23,CUST257,Male,61.0,South,Clothing,Jacket,2,3128.45,6256.9,UPI,4.0,No
ORD10917,2025-02-23,CUST270,Male,53.0,South,Electronics,Tablet,2,18600.43,37200.86,Credit Card,4.0,No
ORD10301,2025-02-23,CUST283,Female,38.0,North,Clothing,T-Shirt,1,810.63,810.63,Debit Card,2.0,No
ORD10572,2025-02-23,CUST327,Female,44.0,South,Home & Kitchen,Bed Sheet Set,1,1200.9,1200.9,Debit Card,4.0,No
ORD10903,2025-02-24,CUST280,Male,51.0,Central,Home & Kitchen,Air Fryer,4,6535.3,26141.2,UPI,3.0,No
ORD10908,2025-02-24,CUST325,Female,18.0,South,Home & Kitchen,Air Fryer,1,6189.98,6189.98,Cash on Delivery,3.0,No
ORD10647,2025-02-25,CUST221,Female,22.0,Central,Clothing,Dress,2,2043.2,4086.4,UPI,4.0,No
ORD10637,2025-02-25,CUST176,Male,46.0,North,Home & Kitchen,Air Fryer,1,6505.81,6505.81,Net Banking,5.0,Yes
ORD10320,2025-02-27,CUST315,Female,39.0,East,Electronics,Smart Watch,3,4623.72,13871.16,Debit Card,4.0,No
ORD10470,2025-02-27,CUST210,Female,34.0,North,Electronics,Tablet,2,17555.76,35111.52,Net Banking,3.0,No
ORD10485,2025-02-27,CUST240,Female,54.0,North,Electronics,Smart Watch,1,4377.24,4377.24,Debit Card,3.0,No
ORD10314,2025-02-27,CUST139,Female,63.0,North,Books,Data Science Handbook,1,891.24,891.24,Credit Card,5.0,No
ORD10958,2025-02-28,CUST235,Female,51.0,South,Books,Data Science Handbook,1,924.53,924.53,Credit Card,3.0,No
ORD10028,2025-02-28,CUST334,Male,32.0,West,Clothing,Jeans,5,1551.93,7759.65,UPI,5.0,No
ORD10618,2025-03-02,CUST306,Female,58.0,South,Books,Python Guide,1,591.95,591.95,Debit Card,1.0,No
ORD10399,2025-03-03,CUST320,Female,22.0,West,Books,Data Science Handbook,3,856.38,2569.14,Credit Card,5.0,No
ORD10869,2025-03-04,CUST340,Male,37.0,South,Clothing,T-Shirt,1,805.32,805.32,UPI,4.0,No
ORD10878,2025-03-04,CUST288,Female,39.0,East,Books,Data Science Handbook,1,869.76,869.76,Credit Card,5.0,No
ORD10081,2025-03-04,CUST307,Male,57.0,North,Clothing,Sneakers,2,3629.3,7258.6,UPI,4.0,No
ORD10539,2025-03-04,CUST159,Female,39.0,North,Beauty,Sunscreen,1,493.93,493.93,Cash on Delivery,4.0,No
ORD10533,2025-03-06,CUST117,Male,41.0,West,Clothing,T-Shirt,2,806.9,1613.8,Net Banking,5.0,No
ORD10076,2025-03-06,CUST248,Female,64.0,South,Books,Python Guide,2,573.38,1146.76,Debit Card,1.0,No
ORD10679,2025-03-08,CUST106,Female,56.0,North,Home & Kitchen,Air Fryer,2,6718.48,13436.96,UPI,4.0,No
ORD10336,2025-03-10,CUST304,Male,53.0,North,Clothing,Sneakers,3,3512.71,10538.13,Credit Card,4.0,No
ORD10814,2025-03-10,CUST316,Male,50.0,South,Home & Kitchen,Blender,1,2122.44,2122.44,UPI,5.0,No
ORD10414,2025-03-10,CUST291,Male,42.0,North,Electronics,Smart Watch,2,4500.82,9001.64,Credit Card,4.0,No
ORD10602,2025-03-10,CUST144,Female,24.0,East,Electronics,Laptop,1,54010.33,54010.33,Cash on Delivery,1.0,No
ORD10457,2025-03-11,CUST274,Female,30.0,North,Home & Kitchen,Blender,1,2142.66,2142.66,Credit Card,1.0,No
ORD10004,2025-03-13,CUST138,Female,38.0,North,Clothing,Jeans,1,1450.71,1450.71,Debit Card,3.0,No
ORD10565,2025-03-13,CUST321,Male,43.0,South,Electronics,Laptop,1,54396.58,54396.58,UPI,4.0,No
ORD10631,2025-03-14,CUST324,Female,64.0,West,Electronics,Laptop,1,53586.2,53586.2,Credit Card,5.0,No
ORD10433,2025-03-15,CUST320,Female,48.0,South,Electronics,Smartphone,1,24004.62,24004.62,UPI,1.0,No
ORD10713,2025-03-16,CUST218,Female,49.0,South,Electronics,Tablet,1,18604.03,18604.03,Credit Card,5.0,No
ORD10975,2025-03-16,CUST147,Male,27.0,North,Clothing,Dress,2,2064.9,4129.8,UPI,5.0,No
ORD10382,2025-03-16,CUST348,Male,57.0,North,Home & Kitchen,Air Fryer,1,6227.01,6227.01,UPI,5.0,No
ORD10854,2025-03-16,CUST303,Male,19.0,North,Electronics,Smart Watch,1,4648.36,4648.36,Credit Card,3.0,No
ORD10579,2025-03-16,CUST313,Male,37.0,West,Electronics,Laptop,1,53493.83,53493.83,UPI,4.0,No
ORD10330,2025-03-17,CUST136,Male,34.0,North,Books,Python Guide,2,599.91,1199.82,Credit Card,3.0,No
ORD10407,2025-03-17,CUST212,Female,58.0,Central,Clothing,T-Shirt,1,818.78,818.78,Cash on Delivery,5.0,No
ORD10651,2025-03-19,CUST205,Female,54.0,East,Home & Kitchen,Coffee Maker,2,3606.69,7213.38,Credit Card,3.0,No
ORD10925,2025-03-19,CUST225,Female,55.0,Central,Books,Data Science Handbook,1,935.09,935.09,UPI,4.0,No
ORD10630,2025-03-19,CUST101,Female,20.0,North,Home & Kitchen,Cookware Set,3,4594.9,13784.7,UPI,4.0,Yes
ORD10555,2025-03-19,CUST271,Male,46.0,South,Clothing,T-Shirt,1,823.72,823.72,UPI,5.0,No
ORD10763,2025-03-19,CUST263,Female,33.0,East,Books,Novel,2,409.82,819.64,UPI,5.0,No
ORD10488,2025-03-21,CUST114,Male,36.0,West,Home & Kitchen,Cookware Set,1,4385.04,4385.04,Debit Card,2.0,No
ORD10052,2025-03-22,CUST278,Male,20.0,Central,Electronics,Tablet,1,17387.4,17387.4,UPI,4.0,No
ORD10150,2025-03-22,CUST192,Female,58.0,East,Clothing,Jacket,2,2909.65,5819.3,Credit Card,1.0,No
ORD10595,2025-03-22,CUST181,Male,28.0,South,Clothing,Dress,1,1970.66,1970.66,Debit Card,4.0,Yes
ORD10941,2025-03-23,CUST201,Female,45.0,South,Books,Python Guide,1,617.42,617.42,Cash on Delivery,5.0,No
ORD10552,2025-03-24,CUST230,Male,18.0,North,Electronics,Smartphone,2,25021.71,50043.42,Cash on Delivery,5.0,No
ORD10873,2025-03-25,CUST255,Female,52.0,South,Home & Kitchen,Blender,3,2155.63,6466.89,Credit Card,5.0,No
ORD10937,2025-03-26,CUST346,Female,26.0,East,Electronics,Smart Watch,2,4311.48,8622.96,UPI,2.0,No
ORD10554,2025-03-26,CUST291,Female,42.0,North,Clothing,Jeans,4,1552.89,6211.56,Debit Card,4.0,No
ORD10333,2025-03-27,CUST304,Female,46.0,South,Books,Python Guide,1,626.22,626.22,Debit Card,4.0,Yes
ORD10670,2025-03-27,CUST107,Male,30.0,South,Home & Kitchen,Bed Sheet Set,1,1167.38,1167.38,Credit Card,4.0,Yes
ORD10119,2025-03-27,CUST322,Male,49.0,West,Electronics,Wireless Headphones,3,2526.14,7578.42,Debit Card,4.0,No
ORD10907,2025-03-28,CUST225,Female,45.0,South,Beauty,Sunscreen,2,483.7,967.4,UPI,4.0,No
ORD10011,2025-03-29,CUST251,Male,,West,Electronics,Tablet,1,18228.24,18228.24,Debit Card,5.0,No
ORD10924,2025-03-29,CUST227,Male,23.0,West,Electronics,Smartphone,1,26034.54,26034.54,Credit Card,4.0,No
ORD10767,2025-03-30,CUST327,Female,52.0,North,Electronics,Laptop,2,57279.89,114559.78,UPI,4.0,Yes
ORD10376,2025-03-31,CUST287,Female,40.0,East,Electronics,Tablet,1,18445.03,18445.03,Credit Card,5.0,Yes
ORD10514,2025-03-31,CUST183,Female,60.0,North,Home & Kitchen,Coffee Maker,3,3364.96,10094.88,UPI,5.0,No
ORD10732,2025-03-31,CUST342,Female,64.0,North,Clothing,Jeans,1,1565.72,1565.72,Credit Card,5.0,No
ORD10463,2025-04-01,CUST224,Male,46.0,Central,Home & Kitchen,Cookware Set,2,4615.56,9231.12,UPI,4.0,Yes
ORD10045,2025-04-02,CUST138,Male,34.0,South,Electronics,Wireless Headphones,1,2533.82,2533.82,Debit Card,3.0,No
ORD10292,2025-04-02,CUST338,Male,25.0,South,Home & Kitchen,Air Fryer,2,6585.88,13171.76,UPI,4.0,No
ORD10617,2025-04-03,CUST259,Female,25.0,North,Clothing,Jacket,1,2860.91,2860.91,Credit Card,3.0,No
ORD10338,2025-04-04,CUST213,Female,55.0,West,Clothing,T-Shirt,2,764.13,1528.26,UPI,5.0,No
ORD10811,2025-04-05,CUST113,Male,64.0,South,Clothing,Jeans,4,1491.2,5964.8,UPI,3.0,No
ORD10746,2025-04-05,CUST285,Male,,Central,Clothing,Jacket,4,2944.55,11778.2,Credit Card,3.0,No
ORD10610,2025-04-05,CUST278,Female,21.0,South,Electronics,Wireless Headphones,1,2606.75,2606.75,Cash on Delivery,4.0,No
ORD10564,2025-04-05,CUST252,Male,44.0,South,Beauty,Perfume,2,2599.99,5199.98,UPI,5.0,Yes
ORD10322,2025-04-06,CUST306,Male,53.0,South,Books,Self-Help Book,2,439.62,879.24,Net Banking,2.0,Yes
ORD10923,2025-04-06,CUST250,Male,49.0,North,Beauty,Hair Dryer,2,1993.25,3986.5,Credit Card,4.0,No
ORD10109,2025-04-06,CUST106,Female,47.0,North,Books,Python Guide,1,625.13,625.13,Credit Card,5.0,No
ORD10391,2025-04-06,CUST257,Female,32.0,North,Electronics,Smartphone,1,26168.32,26168.32,Credit Card,4.0,No
ORD10792,2025-04-07,CUST339,Female,29.0,North,Electronics,Wireless Headphones,2,2459.64,4919.28,Credit Card,3.0,No
ORD10584,2025-04-08,CUST187,Male,58.0,South,Clothing,Jeans,2,1510.7,3021.4,UPI,3.0,No
ORD10543,2025-04-09,CUST192,Male,20.0,East,Books,Python Guide,1,574.96,574.96,UPI,4.0,No
ORD10254,2025-04-09,CUST173,Female,54.0,Central,Clothing,Jacket,3,3038.34,9115.02,UPI,,No
ORD10261,2025-04-09,CUST349,Male,,Central,Clothing,Dress,2,1937.92,3875.84,Credit Card,5.0,No
ORD10199,2025-04-09,CUST276,Female,41.0,South,Beauty,Sunscreen,2,521.35,1042.7,Credit Card,1.0,No
ORD10098,2025-04-09,CUST298,Male,18.0,North,Clothing,Jacket,1,3119.82,3119.82,UPI,,No
ORD10214,2025-04-09,CUST337,Female,61.0,North,Home & Kitchen,Bed Sheet Set,1,1140.48,1140.48,Credit Card,4.0,No
ORD10415,2025-04-09,CUST187,Female,27.0,South,Clothing,T-Shirt,1,796.66,796.66,UPI,5.0,No
ORD10390,2025-04-09,CUST280,Female,30.0,South,Home & Kitchen,Blender,1,2303.52,2303.52,Debit Card,4.0,No
ORD10350,2025-04-10,CUST139,Female,64.0,North,Clothing,Jacket,1,2870.21,2870.21,Credit Card,5.0,Yes
ORD10013,2025-04-10,CUST249,Male,29.0,North,Home & Kitchen,Blender,3,2187.13,6561.39,UPI,,No
ORD10306,2025-04-13,CUST236,Female,,South,Electronics,Smartphone,2,25483.5,50967.0,UPI,5.0,No
ORD10581,2025-04-13,CUST344,Female,27.0,North,Beauty,Perfume,3,2432.51,7297.53,Net Banking,3.0,No
ORD10000,2025-04-13,CUST110,Male,28.0,North,Electronics,Laptop,1,56377.99,56377.99,Debit Card,4.0,No
ORD10208,2025-04-14,CUST289,Female,,South,Home & Kitchen,Blender,1,2169.55,2169.55,UPI,4.0,No
ORD10275,2025-04-14,CUST340,Female,48.0,South,Electronics,Smart Watch,5,4386.36,21931.8,Credit Card,1.0,No
ORD10778,2025-04-14,CUST345,Female,40.0,Central,Home & Kitchen,Blender,2,2127.57,4255.14,Debit Card,4.0,No
ORD10542,2025-04-15,CUST244,Male,46.0,Central,Clothing,Sneakers,5,3358.36,16791.8,Credit Card,4.0,No
ORD10831,2025-04-16,CUST283,Female,43.0,North,Home & Kitchen,Coffee Maker,1,3370.16,3370.16,Credit Card,4.0,No
ORD10056,2025-04-16,CUST111,Female,63.0,East,Books,Data Science Handbook,1,923.25,923.25,UPI,5.0,No
ORD10312,2025-04-16,CUST108,Female,64.0,West,Clothing,T-Shirt,1,811.81,811.81,Debit Card,3.0,No
ORD10594,2025-04-16,CUST163,Male,22.0,East,Clothing,Jacket,1,3129.95,3129.95,Debit Card,4.0,No
ORD10639,2025-04-17,CUST253,Male,41.0,North,Electronics,Smart Watch,2,4563.95,9127.9,Debit Card,3.0,No
ORD10003,2025-04-17,CUST286,Female,29.0,North,Home & Kitchen,Coffee Maker,3,3406.56,10219.68,Net Banking,,No
ORD10974,2025-04-19,CUST152,Male,20.0,North,Books,Self-Help Book,1,438.23,438.23,UPI,1.0,No
ORD10681,2025-04-19,CUST183,Male,39.0,South,Books,Self-Help Book,1,451.7,451.7,Credit Card,4.0,No
ORD10423,2025-04-19,CUST173,Female,64.0,North,Home & Kitchen,Cookware Set,1,4680.86,4680.86,UPI,4.0,No
ORD10608,2025-04-21,CUST110,Male,,Central,Home & Kitchen,Air Fryer,2,6420.17,12840.34,Credit Card,3.0,No
ORD10685,2025-04-21,CUST157,Male,33.0,East,Electronics,Smartphone,2,25470.55,50941.1,UPI,4.0,No
ORD10683,2025-04-21,CUST231,Male,38.0,West,Electronics,Tablet,2,17810.65,35621.3,UPI,2.0,No
ORD10211,2025-04-22,CUST275,Male,26.0,East,Electronics,Tablet,1,17318.47,17318.47,UPI,3.0,No
ORD10729,2025-04-23,CUST230,Male,20.0,South,Clothing,Jacket,1,2972.02,2972.02,Debit Card,3.0,Yes
ORD10142,2025-04-23,CUST282,Female,40.0,South,Books,Data Science Handbook,1,898.37,898.37,UPI,4.0,Yes
ORD10149,2025-04-23,CUST103,Female,34.0,North,Home & Kitchen,Bed Sheet Set,1,1227.44,1227.44,Credit Card,4.0,No
ORD10151,2025-04-23,CUST313,Male,47.0,South,Home & Kitchen,Bed Sheet Set,1,1140.47,1140.47,UPI,1.0,No
ORD10899,2025-04-23,CUST305,Female,39.0,Central,Beauty,Skincare Set,1,1245.21,1245.21,UPI,4.0,No
ORD10900,2025-04-24,CUST111,Male,38.0,West,Beauty,Perfume,3,2528.05,7584.15,Credit Card,3.0,No
ORD10960,2025-04-25,CUST331,Male,28.0,North,Home & Kitchen,Coffee Maker,4,3555.23,14220.92,UPI,4.0,No
ORD10378,2025-04-25,CUST232,Female,25.0,East,Beauty,Hair Dryer,1,1923.18,1923.18,Credit Card,5.0,No
ORD10262,2025-04-26,CUST102,Female,64.0,West,Beauty,Skincare Set,2,1309.03,2618.06,UPI,2.0,No
ORD10317,2025-04-27,CUST238,Male,55.0,South,Beauty,Sunscreen,2,516.79,1033.58,Credit Card,1.0,No
ORD10483,2025-04-27,CUST308,Female,29.0,North,Clothing,Sneakers,2,3607.07,7214.14,Credit Card,,No
ORD10851,2025-04-27,CUST119,Female,42.0,West,Beauty,Hair Dryer,1,1979.14,1979.14,UPI,5.0,No
ORD10323,2025-04-28,CUST137,Female,31.0,East,Beauty,Sunscreen,1,497.27,497.27,UPI,4.0,No
ORD10715,2025-04-28,CUST282,Female,23.0,South,Beauty,Hair Dryer,1,1973.01,1973.01,UPI,5.0,No
ORD10726,2025-04-28,CUST155,Male,23.0,East,Beauty,Skincare Set,3,1308.34,3925.02,Debit Card,4.0,No
ORD10799,2025-04-28,CUST101,Female,50.0,East,Electronics,Wireless Headphones,1,2495.03,2495.03,Credit Card,5.0,No
ORD10569,2025-04-28,CUST225,Female,62.0,North,Electronics,Laptop,2,52916.36,105832.72,UPI,5.0,Yes
ORD10946,2025-04-29,CUST133,Male,37.0,South,Home & Kitchen,Cookware Set,1,4575.94,4575.94,Credit Card,4.0,No
ORD10531,2025-04-29,CUST123,Male,60.0,South,Home & Kitchen,Blender,2,2120.42,4240.84,Credit Card,3.0,Yes
ORD10927,2025-04-30,CUST151,Male,27.0,South,Electronics,Smartphone,4,25836.07,103344.28,Debit Card,4.0,No
ORD10313,2025-04-30,CUST306,Female,27.0,Central,Books,Self-Help Book,3,442.31,1326.93,Debit Card,4.0,No
ORD10205,2025-04-30,CUST341,Male,46.0,Central,Clothing,T-Shirt,1,823.22,823.22,UPI,4.0,No
ORD10634,2025-05-01,CUST304,Female,57.0,North,Home & Kitchen,Bed Sheet Set,1,1183.18,1183.18,Net Banking,1.0,No
ORD10006,2025-05-02,CUST326,Male,56.0,East,Home & Kitchen,Cookware Set,1,4648.47,4648.47,Credit Card,4.0,Yes
ORD10512,2025-05-02,CUST200,Male,47.0,North,Clothing,Dress,1,2048.49,2048.49,UPI,5.0,Yes
ORD10164,2025-05-03,CUST269,Male,53.0,North,Electronics,Wireless Headphones,1,2570.79,2570.79,Cash on Delivery,3.0,No
ORD10172,2025-05-04,CUST195,Female,32.0,South,Electronics,Wireless Headphones,1,2623.9,2623.9,Credit Card,5.0,No
ORD10296,2025-05-05,CUST241,Male,20.0,Central,Clothing,Jacket,1,3006.73,3006.73,Debit Card,5.0,No
ORD10672,2025-05-06,CUST277,Female,47.0,North,Electronics,Wireless Headphones,2,2573.17,5146.34,Credit Card,4.0,No
ORD10466,2025-05-06,CUST128,Male,62.0,South,Clothing,T-Shirt,1,810.69,810.69,Net Banking,4.0,No
ORD10606,2025-05-06,CUST268,Female,57.0,Central,Books,Novel,2,409.58,819.16,Debit Card,,No
ORD10830,2025-05-07,CUST303,Male,25.0,South,Home & Kitchen,Cookware Set,2,4709.8,9419.6,Net Banking,3.0,No
ORD10318,2025-05-07,CUST286,Female,41.0,North,Clothing,T-Shirt,1,769.09,769.09,Credit Card,3.0,No
ORD10977,2025-05-08,CUST204,Male,18.0,South,Home & Kitchen,Blender,3,2179.96,6539.88,Net Banking,4.0,No
ORD10268,2025-05-08,CUST146,Female,24.0,South,Home & Kitchen,Bed Sheet Set,1,1244.58,1244.58,Credit Card,4.0,No
ORD10959,2025-05-08,CUST146,Female,57.0,South,Clothing,Dress,1,1972.89,1972.89,Cash on Delivery,3.0,Yes
ORD10079,2025-05-09,CUST328,Female,,West,Clothing,T-Shirt,1,770.99,770.99,Debit Card,5.0,No
ORD10993,2025-05-10,CUST344,Male,,South,Books,Novel,1,407.2,407.2,UPI,4.0,No
ORD10157,2025-05-10,CUST336,Female,39.0,South,Books,Data Science Handbook,2,882.23,1764.46,UPI,4.0,Yes
ORD10809,2025-05-10,CUST224,Male,19.0,West,Electronics,Tablet,4,17688.19,70752.76,UPI,4.0,No
ORD10201,2025-05-11,CUST272,Female,58.0,South,Clothing,Jeans,1,1542.31,1542.31,UPI,4.0,No
ORD10034,2025-05-11,CUST172,Female,35.0,South,Electronics,Laptop,1,57562.1,57562.1,UPI,4.0,Yes
ORD10014,2025-05-11,CUST168,Female,23.0,South,Home & Kitchen,Coffee Maker,1,3523.05,3523.05,Credit Card,4.0,No
ORD10765,2025-05-12,CUST216,Male,57.0,North,Clothing,Jacket,1,3026.76,3026.76,Debit Card,2.0,No
ORD10456,2025-05-12,CUST291,Male,63.0,North,Electronics,Laptop,2,54013.41,108026.82,UPI,3.0,No
ORD10596,2025-05-13,CUST209,Male,38.0,North,Beauty,Sunscreen,1,498.14,498.14,Debit Card,5.0,No
ORD10428,2025-05-13,CUST255,Male,18.0,North,Electronics,Wireless Headphones,1,2579.65,2579.65,UPI,2.0,No
ORD10829,2025-05-13,CUST267,Female,58.0,North,Electronics,Wireless Headphones,1,2496.87,2496.87,Credit Card,4.0,No
ORD10817,2025-05-14,CUST330,Female,24.0,East,Electronics,Tablet,1,17270.2,17270.2,Credit Card,4.0,No
ORD10484,2025-05-14,CUST198,Male,28.0,West,Electronics,Laptop,3,53924.88,161774.64,UPI,5.0,No
ORD10092,2025-05-15,CUST208,Male,54.0,South,Clothing,Jeans,2,1463.13,2926.26,UPI,4.0,No
ORD10223,2025-05-15,CUST286,Male,54.0,South,Clothing,Sneakers,1,3603.07,3603.07,UPI,5.0,No
ORD10847,2025-05-17,CUST193,Female,24.0,East,Beauty,Hair Dryer,1,1839.97,1839.97,UPI,4.0,Yes
ORD10704,2025-05-17,CUST342,Female,18.0,South,Home & Kitchen,Coffee Maker,2,3328.15,6656.3,Cash on Delivery,4.0,No
ORD10752,2025-05-17,CUST319,Male,21.0,South,Clothing,Sneakers,1,3624.88,3624.88,Debit Card,3.0,No
ORD10597,2025-05-18,CUST338,Female,52.0,North,Beauty,Hair Dryer,4,1891.51,7566.04,UPI,5.0,No
ORD10734,2025-05-19,CUST288,Female,18.0,East,Clothing,Jeans,1,1561.62,1561.62,UPI,3.0,No
ORD10082,2025-05-19,CUST297,Male,24.0,South,Books,Self-Help Book,3,454.85,1364.55,Credit Card,4.0,No
ORD10730,2025-05-20,CUST255,Male,34.0,North,Electronics,Smartphone,1,23926.15,23926.15,UPI,4.0,Yes
ORD10881,2025-05-21,CUST177,Female,,Central,Beauty,Hair Dryer,1,1857.77,1857.77,Credit Card,,No
ORD10824,2025-05-21,CUST165,Male,37.0,South,Clothing,T-Shirt,1,834.83,834.83,Credit Card,5.0,No
ORD10500,2025-05-23,CUST302,Female,60.0,West,Clothing,Jeans,3,1545.06,4635.18,UPI,3.0,No
ORD10291,2025-05-23,CUST224,Male,41.0,North,Books,Data Science Handbook,1,906.38,906.38,UPI,,No
ORD10774,2025-05-23,CUST269,Female,37.0,South,Home & Kitchen,Coffee Maker,1,3651.9,3651.9,UPI,1.0,No
ORD10413,2025-05-24,CUST287,Male,43.0,North,Electronics,Laptop,4,56317.6,225270.4,UPI,4.0,Yes
ORD10421,2025-05-24,CUST257,Female,57.0,South,Books,Self-Help Book,1,468.41,468.41,UPI,5.0,No
ORD10891,2025-05-24,CUST297,Female,46.0,North,Books,Novel,1,405.77,405.77,UPI,4.0,No
ORD10170,2025-05-24,CUST117,Female,63.0,South,Home & Kitchen,Bed Sheet Set,2,1221.6,2443.2,UPI,5.0,No
ORD10189,2025-05-24,CUST338,Female,32.0,East,Books,Data Science Handbook,1,880.77,880.77,UPI,4.0,No
ORD10674,2025-05-25,CUST161,Male,42.0,North,Electronics,Smart Watch,3,4717.94,14153.82,Debit Card,,No
ORD10553,2025-05-25,CUST192,Female,49.0,North,Clothing,T-Shirt,1,777.87,777.87,Credit Card,4.0,No
ORD10775,2025-05-25,CUST342,Female,48.0,East,Books,Data Science Handbook,2,898.16,1796.32,Credit Card,4.0,No
ORD10520,2025-05-25,CUST100,Male,46.0,North,Electronics,Smartphone,1,24149.37,24149.37,Cash on Delivery,3.0,No
ORD10976,2025-05-26,CUST168,Male,,South,Home & Kitchen,Air Fryer,4,6243.42,24973.68,Credit Card,5.0,No
ORD10682,2025-05-26,CUST307,Male,38.0,North,Home & Kitchen,Bed Sheet Set,1,1171.92,1171.92,Credit Card,5.0,No
ORD10534,2025-05-26,CUST114,Female,59.0,South,Electronics,Smart Watch,1,4603.16,4603.16,UPI,2.0,No
ORD10938,2025-05-27,CUST107,Male,44.0,South,Electronics,Tablet,2,17826.56,35653.12,Cash on Delivery,5.0,No
ORD10180,2025-05-27,CUST340,Male,29.0,North,Electronics,Smartphone,1,24899.95,24899.95,UPI,5.0,No
ORD10181,2025-05-28,CUST320,Male,48.0,East,Home & Kitchen,Coffee Maker,2,3344.08,6688.16,UPI,4.0,No
ORD10875,2025-05-28,CUST306,Female,19.0,South,Electronics,Wireless Headphones,1,2465.69,2465.69,Cash on Delivery,4.0,No
ORD10487,2025-05-29,CUST138,Male,35.0,East,Home & Kitchen,Coffee Maker,2,3650.47,7300.94,Debit Card,4.0,No
ORD10998,2025-05-29,CUST167,Female,57.0,East,Clothing,Jeans,1,1547.66,1547.66,UPI,5.0,No
ORD10297,2025-05-30,CUST200,Male,45.0,North,Electronics,Tablet,1,18146.62,18146.62,Credit Card,5.0,No
ORD10420,2025-05-31,CUST310,Male,25.0,South,Electronics,Smartphone,3,25622.5,76867.5,UPI,5.0,No
ORD10185,2025-05-31,CUST284,Male,51.0,North,Clothing,Jeans,1,1532.44,1532.44,UPI,4.0,No
ORD10936,2025-05-31,CUST228,Male,,South,Beauty,Sunscreen,1,480.95,480.95,Net Banking,4.0,No
ORD10203,2025-06-01,CUST219,Male,22.0,South,Electronics,Tablet,2,17821.75,35643.5,Debit Card,3.0,No
ORD10983,2025-06-02,CUST291,Male,34.0,North,Electronics,Wireless Headphones,1,2532.71,2532.71,UPI,4.0,No
ORD10215,2025-06-02,CUST306,Female,21.0,South,Electronics,Smart Watch,1,4353.52,4353.52,Debit Card,5.0,No
ORD10331,2025-06-03,CUST159,Male,29.0,East,Beauty,Sunscreen,2,504.88,1009.76,UPI,5.0,No
ORD10566,2025-06-03,CUST305,Male,31.0,South,Home & Kitchen,Air Fryer,2,6610.79,13221.58,Cash on Delivery,3.0,No
ORD10272,2025-06-04,CUST198,Female,54.0,North,Beauty,Perfume,1,2397.64,2397.64,Net Banking,5.0,No
ORD10870,2025-06-05,CUST219,Male,61.0,East,Home & Kitchen,Cookware Set,5,4322.57,21612.85,Credit Card,4.0,No
ORD10804,2025-06-06,CUST336,Female,50.0,South,Home & Kitchen,Blender,2,2176.89,4353.78,UPI,2.0,No
ORD10790,2025-06-06,CUST107,Male,25.0,North,Electronics,Smartphone,1,24855.98,24855.98,UPI,5.0,No
ORD10074,2025-06-06,CUST107,Female,47.0,North,Beauty,Sunscreen,1,501.1,501.1,Credit Card,4.0,No
ORD10806,2025-06-06,CUST161,Male,36.0,East,Electronics,Laptop,2,56212.05,112424.1,UPI,4.0,No
ORD10249,2025-06-07,CUST153,Male,38.0,North,Books,Novel,3,407.69,1223.07,UPI,5.0,No
ORD10957,2025-06-07,CUST125,Female,60.0,South,Clothing,Jeans,1,1459.91,1459.91,UPI,5.0,No
ORD10800,2025-06-08,CUST218,Female,22.0,North,Books,Novel,2,385.55,771.1,Cash on Delivery,5.0,No
ORD10360,2025-06-09,CUST191,Female,50.0,West,Electronics,Laptop,4,54958.21,219832.84,UPI,4.0,Yes
ORD10117,2025-06-09,CUST320,Female,30.0,North,Electronics,Tablet,2,18406.91,36813.82,Credit Card,4.0,No
ORD10196,2025-06-09,CUST232,Female,55.0,West,Home & Kitchen,Bed Sheet Set,1,1213.31,1213.31,Credit Card,2.0,No
ORD10218,2025-06-10,CUST148,Female,32.0,East,Electronics,Wireless Headphones,1,2479.87,2479.87,UPI,5.0,No
ORD10265,2025-06-10,CUST104,Male,52.0,Central,Electronics,Smartphone,1,23941.81,23941.81,UPI,4.0,No
ORD10866,2025-06-10,CUST303,Male,37.0,East,Electronics,Smart Watch,2,4450.54,8901.08,UPI,,No
ORD10022,2025-06-10,CUST326,Female,53.0,West,Electronics,Wireless Headphones,3,2534.27,7602.81,Cash on Delivery,5.0,No
ORD10905,2025-06-11,CUST315,Male,42.0,South,Electronics,Laptop,5,55900.54,279502.7,Credit Card,3.0,No
ORD10059,2025-06-11,CUST143,Female,49.0,North,Home & Kitchen,Bed Sheet Set,2,1198.07,2396.14,UPI,3.0,No
ORD10429,2025-06-12,CUST159,Female,64.0,South,Electronics,Smart Watch,3,4696.46,14089.38,Credit Card,3.0,No
ORD10217,2025-06-12,CUST242,Male,35.0,South,Clothing,Jacket,3,3042.25,9126.75,Debit Card,4.0,No
ORD10445,2025-06-14,CUST249,Male,,East,Clothing,T-Shirt,1,810.14,810.14,Debit Card,4.0,No
ORD10931,2025-06-14,CUST223,Female,42.0,South,Beauty,Sunscreen,1,475.05,475.05,Credit Card,4.0,No
ORD10760,2025-06-14,CUST278,Female,18.0,South,Books,Self-Help Book,3,445.4,1336.2,UPI,4.0,No
ORD10590,2025-06-15,CUST171,Male,62.0,West,Electronics,Laptop,1,53710.73,53710.73,UPI,,Yes
ORD10037,2025-06-16,CUST116,Female,64.0,West,Beauty,Perfume,1,2493.91,2493.91,Net Banking,5.0,No
ORD10462,2025-06-16,CUST279,Female,23.0,West,Electronics,Tablet,5,18443.61,92218.05,UPI,5.0,No
ORD10367,2025-06-17,CUST206,Male,30.0,South,Home & Kitchen,Blender,3,2261.7,6785.1,Net Banking,5.0,No
ORD10439,2025-06-17,CUST341,Female,58.0,Central,Electronics,Smart Watch,3,4712.71,14138.13,UPI,4.0,No
ORD10988,2025-06-17,CUST268,Female,56.0,Central,Electronics,Smart Watch,1,4555.04,4555.04,UPI,2.0,No
ORD10741,2025-06-17,CUST175,Female,49.0,North,Home & Kitchen,Cookware Set,2,4309.71,8619.42,Debit Card,4.0,No
ORD10440,2025-06-19,CUST167,Male,28.0,West,Books,Data Science Handbook,1,926.67,926.67,UPI,1.0,No
ORD10113,2025-06-20,CUST171,Female,52.0,Central,Clothing,Sneakers,1,3496.54,3496.54,UPI,5.0,No
ORD10739,2025-06-21,CUST196,Male,53.0,West,Clothing,Dress,1,1908.33,1908.33,Debit Card,5.0,No
ORD10247,2025-06-21,CUST192,Male,47.0,North,Beauty,Perfume,2,2449.76,4899.52,Credit Card,3.0,No
ORD10486,2025-06-22,CUST332,Female,42.0,West,Clothing,Jeans,2,1551.65,3103.3,Debit Card,3.0,No
ORD10468,2025-06-22,CUST132,Male,61.0,South,Electronics,Smart Watch,1,4334.27,4334.27,UPI,4.0,No
ORD10722,2025-06-22,CUST310,Male,58.0,East,Clothing,Jacket,1,2971.42,2971.42,Debit Card,5.0,No
ORD10438,2025-06-23,CUST327,Female,37.0,South,Books,Novel,2,400.63,801.26,Cash on Delivery,4.0,No
ORD10896,2025-06-24,CUST260,Female,42.0,North,Clothing,Sneakers,1,3430.71,3430.71,UPI,1.0,No
ORD10278,2025-06-25,CUST333,Male,26.0,South,Home & Kitchen,Bed Sheet Set,1,1239.03,1239.03,Credit Card,5.0,No
ORD10537,2025-06-26,CUST126,Male,25.0,South,Books,Self-Help Book,4,452.89,1811.56,Credit Card,5.0,No
ORD10403,2025-06-26,CUST323,Female,32.0,North,Clothing,Sneakers,1,3388.37,3388.37,Credit Card,5.0,No
ORD10867,2025-06-26,CUST264,Female,44.0,South,Beauty,Perfume,1,2494.04,2494.04,Net Banking,4.0,No
ORD10910,2025-06-27,CUST149,Male,21.0,South,Electronics,Wireless Headphones,1,2431.88,2431.88,Credit Card,1.0,No
ORD10516,2025-06-27,CUST246,Female,34.0,South,Books,Self-Help Book,1,427.56,427.56,UPI,3.0,No
ORD10861,2025-06-28,CUST220,Male,56.0,North,Electronics,Laptop,1,52667.96,52667.96,Credit Card,5.0,Yes
ORD10782,2025-06-28,CUST336,Female,25.0,East,Home & Kitchen,Coffee Maker,1,3653.2,3653.2,UPI,4.0,No
ORD10351,2025-06-29,CUST190,Female,47.0,South,Books,Novel,2,416.82,833.64,UPI,2.0,No
ORD10864,2025-06-29,CUST274,Male,64.0,Central,Electronics,Laptop,4,53538.09,214152.36,Net Banking,5.0,No
ORD10260,2025-06-30,CUST340,Male,58.0,East,Electronics,Tablet,1,17599.54,17599.54,Net Banking,4.0,No
ORD10932,2025-07-01,CUST218,Female,45.0,South,Clothing,T-Shirt,1,798.77,798.77,Cash on Delivery,5.0,Yes
ORD10862,2025-07-01,CUST206,Male,44.0,South,Electronics,Wireless Headphones,2,2621.23,5242.46,UPI,,No
ORD10842,2025-07-01,CUST179,Male,43.0,North,Beauty,Sunscreen,1,517.35,517.35,Debit Card,4.0,No
ORD10461,2025-07-01,CUST326,Female,47.0,North,Beauty,Skincare Set,1,1339.06,1339.06,Credit Card,4.0,No
ORD10609,2025-07-02,CUST313,Male,31.0,Central,Clothing,Sneakers,1,3348.43,3348.43,Credit Card,3.0,No
ORD10598,2025-07-03,CUST194,Female,29.0,North,Books,Novel,2,398.08,796.16,Cash on Delivery,3.0,No
ORD10163,2025-07-03,CUST326,Male,27.0,West,Clothing,Jacket,1,3071.09,3071.09,UPI,5.0,No
ORD10425,2025-07-05,CUST323,Male,45.0,North,Electronics,Smartphone,2,26111.16,52222.32,UPI,1.0,No
ORD10173,2025-07-06,CUST326,Male,39.0,Central,Clothing,Sneakers,2,3378.21,6756.42,Net Banking,5.0,No
ORD10070,2025-07-07,CUST161,Male,19.0,East,Beauty,Hair Dryer,1,1853.0,1853.0,UPI,4.0,No
ORD10327,2025-07-08,CUST189,Female,20.0,East,Electronics,Smartphone,1,24420.72,24420.72,Debit Card,3.0,No
ORD10392,2025-07-09,CUST138,Female,40.0,South,Books,Self-Help Book,2,450.86,901.72,Credit Card,4.0,No
ORD10477,2025-07-09,CUST125,Male,23.0,South,Electronics,Smart Watch,1,4581.78,4581.78,Credit Card,5.0,No
ORD10031,2025-07-09,CUST253,Male,34.0,North,Electronics,Wireless Headphones,2,2396.05,4792.1,UPI,2.0,No
ORD10295,2025-07-09,CUST167,Male,35.0,West,Books,Novel,3,416.38,1249.14,Credit Card,4.0,No
ORD10127,2025-07-09,CUST202,Male,34.0,West,Books,Python Guide,4,626.88,2507.52,Credit Card,3.0,No
ORD10479,2025-07-10,CUST273,Female,33.0,South,Beauty,Hair Dryer,2,1956.55,3913.1,UPI,,No
ORD10263,2025-07-10,CUST219,Male,35.0,East,Home & Kitchen,Cookware Set,1,4312.97,4312.97,Credit Card,4.0,No
ORD10243,2025-07-11,CUST103,Male,34.0,East,Electronics,Wireless Headphones,3,2390.61,7171.83,Credit Card,5.0,No
ORD10020,2025-07-11,CUST247,Male,49.0,Central,Books,Data Science Handbook,1,876.15,876.15,UPI,4.0,No
ORD10389,2025-07-11,CUST206,Male,45.0,South,Beauty,Perfume,2,2525.73,5051.46,UPI,4.0,No
ORD10664,2025-07-11,CUST202,Female,29.0,East,Home & Kitchen,Bed Sheet Set,1,1169.85,1169.85,Debit Card,5.0,Yes
ORD10718,2025-07-13,CUST143,Female,40.0,Central,Electronics,Smart Watch,1,4415.73,4415.73,UPI,5.0,Yes
ORD10442,2025-07-13,CUST291,Female,55.0,West,Clothing,Jeans,1,1528.91,1528.91,UPI,5.0,No
ORD10897,2025-07-13,CUST340,Female,27.0,Central,Clothing,Dress,1,2007.68,2007.68,UPI,5.0,No
ORD10615,2025-07-14,CUST220,Female,62.0,North,Home & Kitchen,Air Fryer,1,6311.68,6311.68,UPI,3.0,No
ORD10616,2025-07-14,CUST145,Male,46.0,North,Books,Self-Help Book,1,467.0,467.0,Credit Card,5.0,No
ORD10224,2025-07-14,CUST349,Male,34.0,South,Books,Self-Help Book,1,431.61,431.61,Credit Card,5.0,No
ORD10796,2025-07-15,CUST271,Female,29.0,South,Beauty,Sunscreen,5,475.17,2375.85,Net Banking,3.0,No
ORD10379,2025-07-15,CUST334,Female,62.0,North,Clothing,Sneakers,3,3601.36,10804.08,UPI,3.0,No
ORD10307,2025-07-15,CUST294,Male,60.0,South,Books,Data Science Handbook,1,893.87,893.87,Credit Card,4.0,No
ORD10168,2025-07-17,CUST112,Female,31.0,East,Clothing,Dress,3,2007.04,6021.12,UPI,3.0,No
ORD10780,2025-07-17,CUST111,Female,39.0,West,Clothing,T-Shirt,1,807.92,807.92,Debit Card,4.0,Yes
ORD10093,2025-07-20,CUST125,Female,30.0,West,Home & Kitchen,Cookware Set,1,4658.98,4658.98,Credit Card,5.0,No
ORD10171,2025-07-20,CUST259,Male,41.0,Central,Home & Kitchen,Coffee Maker,1,3585.17,3585.17,Credit Card,3.0,No
ORD10521,2025-07-20,CUST157,Female,39.0,North,Electronics,Tablet,1,17613.34,17613.34,Credit Card,1.0,No
ORD10967,2025-07-20,CUST295,Female,27.0,North,Clothing,Sneakers,2,3600.14,7200.28,Credit Card,5.0,No
ORD10848,2025-07-21,CUST204,Female,20.0,North,Electronics,Smartphone,2,24220.96,48441.92,UPI,4.0,No
ORD10060,2025-07-21,CUST286,Male,39.0,West,Home & Kitchen,Cookware Set,1,4577.56,4577.56,UPI,3.0,No
ORD10162,2025-07-22,CUST154,Male,,East,Beauty,Sunscreen,1,492.1,492.1,UPI,,No
ORD10490,2025-07-22,CUST128,Male,55.0,North,Electronics,Smart Watch,1,4499.19,4499.19,UPI,,No
ORD10340,2025-07-23,CUST144,Male,37.0,South,Home & Kitchen,Blender,3,2309.31,6927.93,UPI,5.0,No
ORD10605,2025-07-24,CUST201,Female,43.0,South,Books,Self-Help Book,1,456.45,456.45,UPI,5.0,No
ORD10051,2025-07-25,CUST271,Female,55.0,Central,Electronics,Wireless Headphones,1,2476.98,2476.98,UPI,4.0,No
ORD10105,2025-07-26,CUST234,Female,51.0,South,Home & Kitchen,Air Fryer,2,6279.56,12559.12,Credit Card,4.0,No
ORD10577,2025-07-26,CUST287,Male,43.0,South,Books,Data Science Handbook,2,943.24,1886.48,UPI,4.0,No
ORD10200,2025-07-27,CUST102,Female,25.0,West,Clothing,Dress,2,1995.74,3991.48,Net Banking,3.0,No
ORD10961,2025-07-28,CUST212,Female,20.0,North,Home & Kitchen,Blender,1,2168.07,2168.07,Cash on Delivery,4.0,No
ORD10856,2025-07-29,CUST156,Male,27.0,North,Electronics,Wireless Headphones,2,2488.74,4977.48,Cash on Delivery,4.0,No
ORD10825,2025-07-29,CUST262,Male,46.0,South,Beauty,Skincare Set,1,1278.35,1278.35,UPI,5.0,No
ORD10676,2025-07-31,CUST161,Female,31.0,South,Clothing,Jacket,2,3049.0,6098.0,UPI,4.0,No
ORD10489,2025-08-01,CUST218,Female,40.0,North,Beauty,Sunscreen,1,519.12,519.12,UPI,5.0,No
ORD10635,2025-08-02,CUST257,Male,53.0,South,Books,Self-Help Book,2,446.11,892.22,Net Banking,,Yes
ORD10430,2025-08-03,CUST178,Male,55.0,North,Electronics,Wireless Headphones,1,2423.84,2423.84,UPI,3.0,No
ORD10008,2025-08-03,CUST197,Male,,North,Clothing,Sneakers,5,3334.26,16671.3,Credit Card,3.0,No
ORD10882,2025-08-03,CUST229,Male,44.0,South,Electronics,Wireless Headphones,1,2446.56,2446.56,Net Banking,5.0,No
ORD10802,2025-08-04,CUST168,Female,31.0,West,Home & Kitchen,Coffee Maker,4,3616.62,14466.48,UPI,4.0,No
ORD10652,2025-08-04,CUST218,Female,27.0,North,Electronics,Tablet,1,18804.43,18804.43,Credit Card,4.0,No
ORD10454,2025-08-05,CUST149,Female,31.0,East,Electronics,Smartphone,1,25897.45,25897.45,Credit Card,,No
ORD10069,2025-08-05,CUST111,Female,29.0,South,Clothing,Dress,2,1907.96,3815.92,Net Banking,5.0,No
ORD10397,2025-08-05,CUST305,Female,,North,Books,Python Guide,1,598.02,598.02,Cash on Delivery,3.0,No
ORD10540,2025-08-05,CUST273,Male,54.0,South,Beauty,Skincare Set,2,1323.47,2646.94,UPI,5.0,Yes
ORD10341,2025-08-06,CUST323,Male,,Central,Home & Kitchen,Coffee Maker,2,3336.5,6673.0,UPI,2.0,No
ORD10823,2025-08-06,CUST127,Male,46.0,North,Books,Python Guide,1,624.62,624.62,UPI,3.0,No
ORD10101,2025-08-06,CUST125,Male,19.0,North,Home & Kitchen,Coffee Maker,3,3592.1,10776.3,Credit Card,4.0,No
ORD10335,2025-08-08,CUST296,Male,42.0,South,Electronics,Wireless Headphones,1,2539.2,2539.2,Credit Card,2.0,No
ORD10153,2025-08-08,CUST240,Male,38.0,South,Electronics,Smart Watch,1,4602.39,4602.39,UPI,4.0,No
ORD10469,2025-08-08,CUST233,Female,50.0,South,Clothing,Sneakers,2,3536.6,7073.2,UPI,4.0,No
ORD10248,2025-08-08,CUST162,Male,26.0,North,Beauty,Hair Dryer,1,1878.0,1878.0,Net Banking,5.0,No
ORD10901,2025-08-10,CUST333,Female,39.0,South,Electronics,Tablet,1,17438.43,17438.43,UPI,1.0,No
ORD10427,2025-08-11,CUST162,Female,60.0,West,Home & Kitchen,Blender,2,2115.68,4231.36,Debit Card,3.0,Yes
ORD10709,2025-08-11,CUST199,Male,41.0,East,Electronics,Laptop,3,52721.87,158165.61,UPI,5.0,Yes
ORD10352,2025-08-11,CUST304,Female,58.0,East,Clothing,Jeans,3,1491.37,4474.11,Net Banking,1.0,No
ORD10535,2025-08-12,CUST335,Male,,South,Clothing,Jeans,1,1540.72,1540.72,Cash on Delivery,5.0,No
ORD10137,2025-08-13,CUST230,Female,48.0,South,Home & Kitchen,Cookware Set,1,4658.64,4658.64,UPI,3.0,No
ORD10727,2025-08-13,CUST204,Female,23.0,East,Home & Kitchen,Cookware Set,2,4330.12,8660.24,UPI,3.0,No
ORD10776,2025-08-13,CUST214,Male,21.0,West,Electronics,Wireless Headphones,1,2470.79,2470.79,Credit Card,5.0,No
ORD10154,2025-08-13,CUST309,Female,36.0,West,Electronics,Wireless Headphones,1,2412.82,2412.82,Credit Card,3.0,No
ORD10128,2025-08-13,CUST116,Male,51.0,South,Beauty,Sunscreen,1,487.93,487.93,Net Banking,3.0,No
ORD10237,2025-08-14,CUST161,Male,30.0,South,Electronics,Laptop,1,54740.15,54740.15,UPI,4.0,No
ORD10951,2025-08-14,CUST270,Male,64.0,North,Electronics,Smart Watch,2,4389.13,8778.26,UPI,4.0,Yes
ORD10492,2025-08-15,CUST174,Female,43.0,North,Clothing,Jacket,1,2852.82,2852.82,UPI,4.0,No
ORD10210,2025-08-15,CUST252,Female,36.0,North,Clothing,Dress,1,1908.49,1908.49,Debit Card,5.0,Yes
ORD10801,2025-08-16,CUST136,Female,45.0,West,Home & Kitchen,Bed Sheet Set,1,1242.41,1242.41,Cash on Delivery,4.0,No
ORD10684,2025-08-16,CUST233,Male,25.0,South,Electronics,Smartphone,2,24126.53,48253.06,Debit Card,5.0,No
ORD10919,2025-08-17,CUST250,Male,62.0,South,Clothing,Jeans,1,1464.2,1464.2,UPI,3.0,No
ORD10757,2025-08-17,CUST251,Female,50.0,West,Electronics,Wireless Headphones,1,2464.1,2464.1,Net Banking,5.0,No
ORD10491,2025-08-17,CUST256,Female,35.0,Central,Clothing,Jeans,1,1547.53,1547.53,Credit Card,4.0,No
ORD10578,2025-08-17,CUST162,Female,62.0,West,Clothing,Jacket,1,3039.15,3039.15,UPI,4.0,No
ORD10708,2025-08-17,CUST337,Male,58.0,North,Beauty,Sunscreen,1,500.21,500.21,Cash on Delivery,1.0,No
ORD10232,2025-08-18,CUST283,Male,64.0,South,Electronics,Laptop,1,56883.96,56883.96,UPI,,No
ORD10436,2025-08-18,CUST247,Male,43.0,North,Clothing,Jacket,3,2940.73,8822.19,Credit Card,5.0,No
ORD10126,2025-08-19,CUST333,Female,57.0,South,Home & Kitchen,Bed Sheet Set,1,1175.82,1175.82,Credit Card,3.0,No
ORD10788,2025-08-19,CUST198,Female,35.0,South,Home & Kitchen,Coffee Maker,2,3656.6,7313.2,Net Banking,5.0,No
ORD10669,2025-08-19,CUST303,Female,22.0,South,Electronics,Wireless Headphones,2,2464.1,4928.2,UPI,2.0,No
ORD10112,2025-08-19,CUST275,Male,28.0,South,Electronics,Smart Watch,2,4537.98,9075.96,UPI,5.0,No
ORD10089,2025-08-19,CUST158,Female,54.0,West,Electronics,Tablet,1,17918.92,17918.92,UPI,4.0,Yes
ORD10406,2025-08-21,CUST254,Female,39.0,West,Books,Data Science Handbook,1,888.79,888.79,UPI,5.0,No
ORD10680,2025-08-21,CUST302,Female,33.0,South,Books,Data Science Handbook,1,943.66,943.66,UPI,4.0,Yes
ORD10198,2025-08-21,CUST321,Female,40.0,South,Beauty,Perfume,1,2439.69,2439.69,UPI,4.0,No
ORD10497,2025-08-21,CUST305,Male,51.0,South,Clothing,Sneakers,2,3532.61,7065.22,Cash on Delivery,4.0,No
ORD10626,2025-08-21,CUST267,Male,32.0,West,Home & Kitchen,Cookware Set,2,4640.39,9280.78,Credit Card,4.0,No
ORD10141,2025-08-21,CUST317,Male,25.0,South,Clothing,Jeans,1,1464.15,1464.15,Debit Card,5.0,No
ORD10138,2025-08-22,CUST136,Female,51.0,North,Clothing,Jeans,4,1555.12,6220.48,UPI,3.0,No
ORD10969,2025-08-23,CUST100,Female,55.0,East,Clothing,Sneakers,3,3461.8,10385.4,Credit Card,5.0,Yes
ORD10431,2025-08-23,CUST321,Female,41.0,Central,Electronics,Wireless Headphones,3,2566.02,7698.06,Net Banking,1.0,No
ORD10573,2025-08-24,CUST108,Male,35.0,South,Home & Kitchen,Bed Sheet Set,1,1167.21,1167.21,UPI,4.0,No
ORD10748,2025-08-24,CUST123,Female,31.0,South,Electronics,Smart Watch,1,4603.45,4603.45,UPI,4.0,No
ORD10964,2025-08-25,CUST171,Male,33.0,East,Home & Kitchen,Cookware Set,1,4467.38,4467.38,Credit Card,5.0,No
ORD10325,2025-08-25,CUST232,Male,52.0,North,Clothing,T-Shirt,1,771.59,771.59,Credit Card,5.0,No
ORD10918,2025-08-27,CUST277,Male,26.0,South,Home & Kitchen,Cookware Set,4,4676.68,18706.72,UPI,,No
ORD10636,2025-08-27,CUST260,Female,51.0,South,Home & Kitchen,Coffee Maker,1,3570.92,3570.92,UPI,5.0,No
ORD10536,2025-08-27,CUST307,Female,19.0,South,Clothing,Jeans,1,1544.73,1544.73,UPI,4.0,No
ORD10108,2025-08-29,CUST216,Male,21.0,Central,Clothing,T-Shirt,1,765.36,765.36,Credit Card,4.0,Yes
ORD10528,2025-08-30,CUST163,Male,45.0,South,Electronics,Smart Watch,1,4468.42,4468.42,Cash on Delivery,2.0,No
ORD10042,2025-08-30,CUST203,Male,26.0,West,Beauty,Sunscreen,1,485.06,485.06,UPI,2.0,No
ORD10118,2025-08-31,CUST181,Female,62.0,West,Beauty,Hair Dryer,2,1849.31,3698.62,UPI,4.0,No
ORD10705,2025-08-31,CUST221,Female,42.0,South,Home & Kitchen,Bed Sheet Set,3,1191.93,3575.79,Net Banking,5.0,No
ORD10852,2025-09-01,CUST107,Female,,North,Home & Kitchen,Bed Sheet Set,2,1218.51,2437.02,UPI,5.0,No
ORD10032,2025-09-01,CUST293,Male,,East,Clothing,Jacket,1,3048.91,3048.91,Credit Card,4.0,No
ORD10277,2025-09-03,CUST222,Female,33.0,North,Beauty,Perfume,1,2580.1,2580.1,Credit Card,3.0,No
ORD10160,2025-09-04,CUST225,Female,40.0,East,Beauty,Perfume,1,2533.34,2533.34,Credit Card,4.0,No
ORD10329,2025-09-04,CUST297,Male,55.0,West,Home & Kitchen,Air Fryer,1,6338.89,6338.89,Credit Card,4.0,No
ORD10589,2025-09-06,CUST308,Female,51.0,North,Electronics,Smartphone,1,24945.71,24945.71,UPI,5.0,No
ORD10632,2025-09-06,CUST132,Male,41.0,East,Clothing,Jacket,1,2983.04,2983.04,Credit Card,,No
ORD10567,2025-09-07,CUST298,Female,34.0,West,Home & Kitchen,Air Fryer,1,6804.21,6804.21,Credit Card,3.0,No
ORD10529,2025-09-08,CUST340,Female,45.0,North,Home & Kitchen,Blender,2,2093.3,4186.6,Net Banking,5.0,No
ORD10458,2025-09-09,CUST128,Female,48.0,North,Electronics,Laptop,3,55116.46,165349.38,Cash on Delivery,5.0,No
ORD10065,2025-09-09,CUST156,Male,27.0,East,Electronics,Wireless Headphones,2,2420.72,4841.44,UPI,4.0,Yes
ORD10026,2025-09-10,CUST289,Female,41.0,East,Electronics,Tablet,1,17644.31,17644.31,Cash on Delivery,4.0,Yes
ORD10523,2025-09-10,CUST265,Female,26.0,North,Clothing,Jeans,2,1570.22,3140.44,Credit Card,4.0,Yes
ORD10435,2025-09-10,CUST295,Male,63.0,South,Home & Kitchen,Cookware Set,1,4465.22,4465.22,UPI,3.0,No
ORD10264,2025-09-10,CUST105,Male,31.0,East,Clothing,Jacket,1,3001.85,3001.85,Credit Card,5.0,No
ORD10645,2025-09-10,CUST189,Male,40.0,South,Clothing,T-Shirt,2,787.3,1574.6,UPI,4.0,No
ORD10373,2025-09-10,CUST290,Male,28.0,South,Electronics,Laptop,1,57327.43,57327.43,UPI,4.0,No
ORD10795,2025-09-11,CUST141,Male,44.0,North,Books,Data Science Handbook,1,927.72,927.72,Net Banking,3.0,No
ORD10816,2025-09-11,CUST229,Male,,East,Home & Kitchen,Blender,1,2235.17,2235.17,UPI,3.0,No
ORD10193,2025-09-11,CUST252,Male,35.0,South,Home & Kitchen,Air Fryer,1,6590.14,6590.14,Credit Card,5.0,No
ORD10209,2025-09-11,CUST136,Female,60.0,East,Home & Kitchen,Bed Sheet Set,1,1237.12,1237.12,Credit Card,5.0,No
ORD10346,2025-09-11,CUST166,Male,45.0,South,Books,Self-Help Book,1,458.37,458.37,UPI,4.0,No
ORD10950,2025-09-13,CUST317,Male,40.0,South,Books,Data Science Handbook,2,939.13,1878.26,UPI,2.0,No
ORD10525,2025-09-13,CUST261,Male,27.0,South,Beauty,Sunscreen,1,490.43,490.43,Credit Card,3.0,No
ORD10266,2025-09-13,CUST104,Male,61.0,South,Clothing,Jeans,1,1524.28,1524.28,UPI,2.0,No
ORD10643,2025-09-14,CUST265,Male,51.0,South,Electronics,Smartphone,2,25116.54,50233.08,Credit Card,4.0,Yes
ORD10358,2025-09-15,CUST179,Female,49.0,South,Electronics,Tablet,4,18220.64,72882.56,UPI,4.0,No
ORD10504,2025-09-16,CUST225,Male,25.0,South,Home & Kitchen,Cookware Set,2,4528.42,9056.84,Credit Card,5.0,No
ORD10736,2025-09-16,CUST281,Female,20.0,North,Home & Kitchen,Coffee Maker,1,3369.2,3369.2,Debit Card,4.0,No
ORD10132,2025-09-16,CUST326,Female,19.0,North,Electronics,Tablet,1,17138.07,17138.07,UPI,,No
ORD10949,2025-09-18,CUST218,Female,56.0,West,Beauty,Skincare Set,3,1336.98,4010.94,Credit Card,4.0,No
ORD10805,2025-09-18,CUST140,Female,58.0,West,Books,Python Guide,2,572.08,1144.16,UPI,5.0,No
ORD10738,2025-09-18,CUST306,Female,32.0,South,Electronics,Tablet,3,18494.41,55483.23,UPI,4.0,No
ORD10188,2025-09-20,CUST335,Female,29.0,Central,Electronics,Smartphone,3,23789.24,71367.72,Debit Card,4.0,No
ORD10902,2025-09-21,CUST119,Male,53.0,North,Books,Self-Help Book,1,446.21,446.21,UPI,3.0,No
ORD10303,2025-09-21,CUST222,Female,57.0,North,Beauty,Hair Dryer,1,1857.18,1857.18,Credit Card,5.0,No
ORD10921,2025-09-21,CUST137,Female,59.0,South,Electronics,Smart Watch,2,4717.68,9435.36,Credit Card,4.0,No
ORD10408,2025-09-22,CUST332,Female,34.0,East,Electronics,Smart Watch,3,4478.56,13435.68,UPI,4.0,No
ORD10571,2025-09-25,CUST183,Female,37.0,Central,Electronics,Wireless Headphones,1,2584.36,2584.36,Credit Card,4.0,No
ORD10145,2025-09-25,CUST138,Female,46.0,North,Books,Novel,2,394.06,788.12,Cash on Delivery,4.0,No
ORD10365,2025-09-25,CUST268,Female,60.0,East,Books,Python Guide,2,576.87,1153.74,UPI,4.0,No
ORD10989,2025-09-25,CUST188,Female,45.0,North,Beauty,Skincare Set,1,1331.0,1331.0,UPI,5.0,No
ORD10310,2025-09-26,CUST175,Female,27.0,North,Electronics,Smartphone,2,25121.95,50243.9,UPI,,No
ORD10758,2025-09-27,CUST149,Male,57.0,West,Electronics,Laptop,1,57540.39,57540.39,Credit Card,4.0,No
ORD10061,2025-09-27,CUST148,Male,46.0,South,Books,Novel,1,382.54,382.54,UPI,3.0,No
ORD10062,2025-09-28,CUST288,Male,39.0,Central,Electronics,Smart Watch,1,4372.02,4372.02,UPI,3.0,No
ORD10002,2025-09-28,CUST212,Female,64.0,South,Clothing,Jacket,2,3112.36,6224.72,UPI,5.0,Yes
ORD10326,2025-09-29,CUST275,Male,42.0,East,Beauty,Perfume,2,2470.82,4941.64,Credit Card,,No
ORD10668,2025-09-30,CUST213,Female,58.0,South,Clothing,T-Shirt,2,831.16,1662.32,Debit Card,5.0,No
ORD10398,2025-09-30,CUST176,Male,26.0,South,Electronics,Smartphone,2,23771.24,47542.48,Debit Card,1.0,No
ORD10038,2025-10-01,CUST228,Female,21.0,North,Electronics,Smartphone,3,25433.55,76300.65,UPI,,No
ORD10661,2025-10-01,CUST108,Female,64.0,North,Clothing,Jacket,5,2954.21,14771.05,Credit Card,3.0,No
ORD10220,2025-10-04,CUST187,Male,36.0,East,Books,Data Science Handbook,1,902.97,902.97,UPI,2.0,No
ORD10386,2025-10-04,CUST269,Female,46.0,North,Clothing,Jeans,4,1435.35,5741.4,UPI,4.0,No
ORD10021,2025-10-04,CUST310,Female,23.0,South,Electronics,Laptop,1,55181.8,55181.8,Net Banking,3.0,No
ORD10698,2025-10-04,CUST111,Male,21.0,East,Clothing,Jeans,1,1447.26,1447.26,UPI,4.0,No
ORD10238,2025-10-04,CUST176,Male,54.0,East,Clothing,Jeans,2,1512.62,3025.24,UPI,5.0,No
ORD10968,2025-10-05,CUST132,Female,35.0,West,Beauty,Sunscreen,2,515.3,1030.6,Credit Card,4.0,No
ORD10396,2025-10-06,CUST101,Female,43.0,North,Clothing,Jacket,2,2949.25,5898.5,UPI,4.0,No
ORD10167,2025-10-07,CUST346,Female,49.0,North,Electronics,Wireless Headphones,3,2418.72,7256.16,UPI,5.0,No
ORD10256,2025-10-07,CUST325,Female,34.0,South,Books,Self-Help Book,3,443.83,1331.49,Cash on Delivery,5.0,No
ORD10956,2025-10-07,CUST244,Female,22.0,West,Beauty,Perfume,3,2458.45,7375.35,UPI,5.0,No
ORD10614,2025-10-08,CUST175,Female,32.0,North,Clothing,Dress,2,2072.17,4144.34,Cash on Delivery,3.0,No
ORD10965,2025-10-08,CUST188,Female,35.0,South,Electronics,Tablet,2,17314.69,34629.38,Debit Card,4.0,No
ORD10691,2025-10-09,CUST140,Male,26.0,West,Home & Kitchen,Blender,5,2285.32,11426.6,Cash on Delivery,4.0,No
ORD10538,2025-10-09,CUST171,Male,44.0,South,Electronics,Tablet,3,17699.32,53097.96,Debit Card,4.0,No
ORD10131,2025-10-10,CUST251,Male,55.0,South,Home & Kitchen,Blender,4,2106.86,8427.44,Debit Card,4.0,No
ORD10813,2025-10-10,CUST330,Female,21.0,West,Electronics,Tablet,2,17327.08,34654.16,UPI,,No
ORD10235,2025-10-10,CUST187,Female,38.0,South,Electronics,Smart Watch,3,4562.2,13686.6,UPI,5.0,No
ORD10239,2025-10-11,CUST325,Female,,North,Home & Kitchen,Cookware Set,1,4554.87,4554.87,UPI,4.0,No
ORD10369,2025-10-12,CUST188,Male,53.0,North,Clothing,Jacket,1,2859.84,2859.84,Net Banking,3.0,No
ORD10334,2025-10-12,CUST127,Male,60.0,South,Home & Kitchen,Cookware Set,4,4513.29,18053.16,UPI,4.0,No
ORD10868,2025-10-12,CUST148,Male,58.0,South,Books,Data Science Handbook,4,867.91,3471.64,Credit Card,1.0,No
ORD10886,2025-10-12,CUST125,Male,49.0,North,Beauty,Hair Dryer,1,1807.54,1807.54,Cash on Delivery,3.0,No
ORD10940,2025-10-12,CUST195,Male,36.0,Central,Electronics,Tablet,3,18824.09,56472.27,UPI,5.0,No
ORD10890,2025-10-13,CUST134,Female,19.0,East,Electronics,Tablet,1,18153.14,18153.14,UPI,3.0,No
ORD10987,2025-10-14,CUST260,Female,42.0,South,Clothing,Jeans,1,1479.09,1479.09,Debit Card,5.0,No
ORD10271,2025-10-15,CUST108,Male,35.0,East,Electronics,Smart Watch,1,4503.92,4503.92,Debit Card,4.0,No
ORD10926,2025-10-15,CUST144,Female,34.0,North,Beauty,Skincare Set,4,1283.87,5135.48,Credit Card,4.0,No
ORD10086,2025-10-16,CUST188,Female,18.0,South,Books,Python Guide,2,570.93,1141.86,UPI,5.0,No
ORD10345,2025-10-16,CUST285,Female,57.0,North,Clothing,Jeans,1,1571.24,1571.24,Credit Card,2.0,No
ORD10786,2025-10-16,CUST242,Male,33.0,West,Home & Kitchen,Bed Sheet Set,1,1256.65,1256.65,Credit Card,3.0,No
ORD10696,2025-10-16,CUST309,Male,39.0,Central,Electronics,Tablet,1,17335.83,17335.83,Credit Card,4.0,No
ORD10794,2025-10-16,CUST186,Female,22.0,West,Home & Kitchen,Blender,1,2255.81,2255.81,Credit Card,5.0,No
ORD10759,2025-10-18,CUST276,Female,36.0,West,Beauty,Perfume,2,2566.58,5133.16,Net Banking,4.0,No
ORD10995,2025-10-19,CUST258,Male,19.0,Central,Electronics,Smartphone,1,25439.98,25439.98,Debit Card,4.0,No
ORD10812,2025-10-19,CUST347,Male,56.0,North,Beauty,Sunscreen,2,491.76,983.52,Credit Card,3.0,No
ORD10166,2025-10-21,CUST257,Female,37.0,East,Home & Kitchen,Blender,1,2227.52,2227.52,UPI,3.0,No
ORD10770,2025-10-22,CUST261,Female,33.0,West,Electronics,Wireless Headphones,3,2510.44,7531.32,Credit Card,5.0,No
ORD10769,2025-10-23,CUST178,Female,29.0,South,Home & Kitchen,Coffee Maker,1,3386.74,3386.74,Credit Card,4.0,No
ORD10836,2025-10-23,CUST130,Male,23.0,South,Beauty,Skincare Set,1,1296.4,1296.4,UPI,4.0,No
ORD10754,2025-10-23,CUST225,Female,46.0,West,Books,Data Science Handbook,5,875.78,4378.9,UPI,5.0,No
ORD10999,2025-10-23,CUST197,Female,53.0,West,Clothing,T-Shirt,2,764.98,1529.96,Debit Card,,No
ORD10066,2025-10-23,CUST154,Female,59.0,East,Home & Kitchen,Air Fryer,2,6272.44,12544.88,Credit Card,5.0,Yes
ORD10837,2025-10-24,CUST238,Female,22.0,Central,Electronics,Smartphone,5,23828.03,119140.15,Debit Card,5.0,No
ORD10187,2025-10-25,CUST283,Female,58.0,South,Clothing,Dress,3,1976.91,5930.73,UPI,5.0,No
ORD10723,2025-10-27,CUST249,Male,46.0,Central,Electronics,Tablet,2,18030.81,36061.62,UPI,2.0,No
ORD10455,2025-10-28,CUST113,Female,,South,Beauty,Hair Dryer,1,1841.65,1841.65,UPI,4.0,No
ORD10259,2025-10-29,CUST268,Female,45.0,North,Beauty,Sunscreen,1,510.4,510.4,UPI,4.0,No
ORD10820,2025-10-29,CUST222,Female,31.0,Central,Beauty,Perfume,1,2400.18,2400.18,UPI,5.0,No
ORD10372,2025-10-29,CUST199,Male,49.0,South,Clothing,Sneakers,1,3623.04,3623.04,Credit Card,4.0,No
ORD10646,2025-10-30,CUST273,Female,62.0,North,Electronics,Smartphone,2,25430.71,50861.42,UPI,5.0,No
ORD10576,2025-10-30,CUST348,Male,18.0,Central,Electronics,Tablet,1,18230.33,18230.33,Net Banking,4.0,No
ORD10192,2025-10-31,CUST257,Female,43.0,West,Clothing,Jeans,3,1573.93,4721.79,UPI,4.0,Yes
ORD10887,2025-11-01,CUST128,Male,23.0,West,Home & Kitchen,Air Fryer,2,6337.44,12674.88,Net Banking,2.0,No
ORD10498,2025-11-01,CUST183,Female,34.0,South,Home & Kitchen,Blender,1,2263.05,2263.05,UPI,5.0,No
ORD10300,2025-11-01,CUST204,Female,61.0,North,Clothing,Sneakers,1,3509.52,3509.52,UPI,5.0,No
ORD10583,2025-11-02,CUST229,Male,58.0,Central,Electronics,Tablet,1,17666.91,17666.91,UPI,3.0,Yes
ORD10570,2025-11-02,CUST335,Male,46.0,North,Home & Kitchen,Blender,5,2203.18,11015.9,Net Banking,4.0,No
ORD10588,2025-11-04,CUST304,Female,39.0,North,Electronics,Laptop,1,56957.59,56957.59,Credit Card,4.0,No
ORD10846,2025-11-05,CUST175,Male,29.0,West,Home & Kitchen,Blender,1,2235.55,2235.55,Debit Card,3.0,No
ORD10015,2025-11-05,CUST155,Male,34.0,West,Home & Kitchen,Coffee Maker,2,3629.14,7258.28,UPI,5.0,No
ORD10656,2025-11-08,CUST302,Male,55.0,South,Electronics,Smartphone,1,24889.06,24889.06,Credit Card,3.0,No
ORD10850,2025-11-09,CUST232,Male,,South,Clothing,Sneakers,1,3405.95,3405.95,UPI,,No
ORD10914,2025-11-09,CUST322,Female,36.0,South,Home & Kitchen,Blender,1,2231.85,2231.85,UPI,5.0,No
ORD10024,2025-11-10,CUST334,Male,28.0,Central,Clothing,Jeans,1,1563.45,1563.45,UPI,,No
ORD10298,2025-11-10,CUST197,Female,23.0,North,Home & Kitchen,Cookware Set,1,4710.54,4710.54,UPI,3.0,No
ORD10694,2025-11-11,CUST113,Male,,East,Electronics,Smartphone,2,26108.28,52216.56,Debit Card,2.0,No
ORD10515,2025-11-12,CUST105,Male,56.0,West,Clothing,T-Shirt,2,805.98,1611.96,UPI,3.0,No
ORD10040,2025-11-12,CUST160,Male,,Central,Electronics,Tablet,1,18016.48,18016.48,Credit Card,3.0,No
ORD10747,2025-11-14,CUST288,Female,57.0,North,Clothing,Dress,1,1956.56,1956.56,Cash on Delivery,4.0,No
ORD10884,2025-11-14,CUST136,Male,26.0,South,Home & Kitchen,Bed Sheet Set,3,1228.67,3686.01,Net Banking,5.0,No
ORD10136,2025-11-14,CUST197,Female,64.0,North,Books,Data Science Handbook,1,906.5,906.5,UPI,5.0,Yes
ORD10743,2025-11-15,CUST193,Female,35.0,West,Home & Kitchen,Bed Sheet Set,1,1255.48,1255.48,Debit Card,4.0,Yes
ORD10692,2025-11-16,CUST287,Female,34.0,North,Books,Data Science Handbook,3,876.25,2628.75,Debit Card,5.0,No
ORD10755,2025-11-16,CUST119,Male,36.0,West,Electronics,Tablet,2,18572.13,37144.26,Cash on Delivery,4.0,No
ORD10733,2025-11-16,CUST134,Male,62.0,East,Clothing,Jeans,1,1493.13,1493.13,UPI,,No
ORD10742,2025-11-17,CUST148,Male,21.0,West,Electronics,Smart Watch,3,4570.03,13710.09,UPI,2.0,No
ORD10287,2025-11-17,CUST326,Male,62.0,West,Electronics,Tablet,1,18312.5,18312.5,UPI,4.0,No
ORD10711,2025-11-18,CUST235,Female,57.0,West,Home & Kitchen,Bed Sheet Set,1,1194.28,1194.28,Credit Card,5.0,No
ORD10270,2025-11-19,CUST276,Male,30.0,East,Electronics,Wireless Headphones,1,2471.59,2471.59,Credit Card,5.0,No
ORD10267,2025-11-19,CUST153,Female,58.0,South,Books,Python Guide,1,593.53,593.53,UPI,,Yes
ORD10828,2025-11-20,CUST292,Female,27.0,North,Electronics,Laptop,2,57176.86,114353.72,Credit Card,4.0,No
ORD10808,2025-11-20,CUST159,Male,22.0,North,Books,Novel,3,386.65,1159.95,Credit Card,4.0,No
ORD10354,2025-11-21,CUST132,Female,54.0,South,Clothing,Jeans,1,1537.04,1537.04,UPI,3.0,No
ORD10174,2025-11-22,CUST222,Female,47.0,Central,Home & Kitchen,Bed Sheet Set,2,1141.9,2283.8,UPI,5.0,Yes
ORD10724,2025-11-22,CUST136,Female,26.0,North,Clothing,Dress,1,2059.84,2059.84,Credit Card,5.0,No
ORD10880,2025-11-23,CUST213,Female,23.0,South,Books,Data Science Handbook,1,915.85,915.85,Credit Card,4.0,No
ORD10453,2025-11-23,CUST309,Female,35.0,South,Clothing,Dress,2,2043.85,4087.7,UPI,4.0,No
ORD10916,2025-11-24,CUST338,Female,27.0,South,Books,Python Guide,1,584.39,584.39,UPI,4.0,No
ORD10744,2025-11-25,CUST312,Male,36.0,West,Books,Data Science Handbook,2,927.81,1855.62,UPI,3.0,No
ORD10600,2025-11-26,CUST131,Female,36.0,Central,Electronics,Laptop,3,54908.71,164726.13,Net Banking,4.0,No
ORD10507,2025-11-26,CUST191,Male,25.0,South,Electronics,Laptop,1,53035.65,53035.65,UPI,5.0,No
ORD10935,2025-11-26,CUST184,Female,,West,Beauty,Hair Dryer,1,1822.11,1822.11,Credit Card,5.0,No
ORD10009,2025-11-27,CUST154,Female,34.0,South,Electronics,Wireless Headphones,1,2487.02,2487.02,Credit Card,4.0,No
ORD10122,2025-11-27,CUST266,Female,,West,Home & Kitchen,Cookware Set,1,4322.82,4322.82,Credit Card,3.0,No
ORD10749,2025-11-30,CUST247,Male,50.0,South,Home & Kitchen,Blender,2,2280.2,4560.4,Credit Card,5.0,No
ORD10592,2025-12-01,CUST117,Female,46.0,West,Home & Kitchen,Blender,1,2160.77,2160.77,UPI,4.0,No
ORD10585,2025-12-01,CUST171,Female,22.0,West,Home & Kitchen,Bed Sheet Set,1,1171.68,1171.68,UPI,2.0,No
ORD10357,2025-12-02,CUST246,Female,49.0,South,Electronics,Wireless Headphones,2,2532.47,5064.94,Cash on Delivery,3.0,No
ORD10641,2025-12-03,CUST202,Female,21.0,South,Clothing,T-Shirt,1,827.0,827.0,UPI,4.0,No
ORD10216,2025-12-04,CUST172,Female,53.0,West,Clothing,Jeans,2,1569.76,3139.52,UPI,5.0,No
ORD10183,2025-12-04,CUST344,Female,51.0,North,Home & Kitchen,Air Fryer,1,6748.57,6748.57,UPI,4.0,No
ORD10067,2025-12-04,CUST340,Female,38.0,South,Beauty,Sunscreen,2,522.2,1044.4,UPI,3.0,No
ORD10447,2025-12-05,CUST237,Female,38.0,West,Books,Novel,3,402.49,1207.47,Debit Card,3.0,No
ORD10044,2025-12-06,CUST124,Female,62.0,North,Beauty,Perfume,2,2427.05,4854.1,UPI,3.0,Yes
ORD10121,2025-12-06,CUST215,Female,62.0,South,Books,Self-Help Book,1,471.52,471.52,UPI,5.0,No
ORD10344,2025-12-07,CUST214,Female,34.0,North,Books,Novel,1,380.69,380.69,Credit Card,4.0,No
ORD10450,2025-12-08,CUST121,Male,23.0,South,Beauty,Hair Dryer,5,1918.37,9591.85,UPI,5.0,No
ORD10400,2025-12-08,CUST111,Female,49.0,North,Home & Kitchen,Air Fryer,2,6535.08,13070.16,UPI,4.0,No
ORD10299,2025-12-08,CUST110,Female,61.0,South,Electronics,Wireless Headphones,1,2401.56,2401.56,UPI,3.0,No
ORD10985,2025-12-08,CUST162,Female,23.0,South,Home & Kitchen,Cookware Set,1,4677.34,4677.34,UPI,5.0,No
ORD10876,2025-12-08,CUST233,Male,47.0,North,Electronics,Tablet,1,18159.86,18159.86,Net Banking,4.0,No
ORD10078,2025-12-10,CUST314,Female,,West,Clothing,T-Shirt,3,820.19,2460.57,UPI,5.0,No
ORD10016,2025-12-10,CUST132,Male,36.0,North,Clothing,Jeans,1,1491.67,1491.67,Credit Card,5.0,No
ORD10043,2025-12-12,CUST141,Female,25.0,North,Electronics,Smart Watch,5,4723.2,23616.0,UPI,4.0,No
ORD10840,2025-12-12,CUST217,Female,22.0,East,Home & Kitchen,Cookware Set,1,4712.68,4712.68,Debit Card,3.0,No
ORD10178,2025-12-12,CUST128,Male,25.0,West,Books,Novel,1,401.65,401.65,UPI,5.0,No
ORD10819,2025-12-12,CUST244,Male,40.0,South,Clothing,T-Shirt,1,804.62,804.62,Credit Card,3.0,No
ORD10190,2025-12-12,CUST220,Female,48.0,West,Electronics,Wireless Headphones,1,2411.41,2411.41,UPI,4.0,No
ORD10315,2025-12-12,CUST124,Male,30.0,West,Electronics,Tablet,5,18793.24,93966.2,Credit Card,4.0,No
ORD10628,2025-12-12,CUST341,Female,54.0,South,Electronics,Smart Watch,1,4307.58,4307.58,Debit Card,4.0,No
ORD10859,2025-12-13,CUST311,Female,43.0,South,Clothing,T-Shirt,2,760.13,1520.26,UPI,5.0,No
ORD10124,2025-12-14,CUST245,Male,33.0,South,Home & Kitchen,Coffee Maker,1,3337.31,3337.31,Net Banking,4.0,No
ORD10513,2025-12-14,CUST286,Female,18.0,North,Books,Novel,1,395.32,395.32,Debit Card,4.0,No
ORD10563,2025-12-14,CUST114,Male,56.0,North,Home & Kitchen,Cookware Set,4,4420.44,17681.76,Credit Card,2.0,No
ORD10476,2025-12-14,CUST314,Male,61.0,North,Beauty,Perfume,1,2467.18,2467.18,UPI,4.0,No
ORD10257,2025-12-15,CUST156,Male,54.0,East,Electronics,Smart Watch,1,4656.87,4656.87,Credit Card,4.0,No
ORD10756,2025-12-15,CUST287,Male,23.0,South,Home & Kitchen,Air Fryer,3,6420.93,19262.79,Debit Card,4.0,No
ORD10176,2025-12-15,CUST145,Female,30.0,East,Home & Kitchen,Bed Sheet Set,1,1147.4,1147.4,Debit Card,4.0,No
ORD10912,2025-12-15,CUST284,Female,26.0,South,Electronics,Tablet,1,18250.67,18250.67,Credit Card,5.0,Yes
ORD10701,2025-12-16,CUST240,Male,38.0,South,Electronics,Tablet,2,18006.65,36013.3,Credit Card,1.0,No
ORD10703,2025-12-16,CUST144,Male,55.0,West,Electronics,Smartphone,1,25141.77,25141.77,Credit Card,4.0,No
ORD10638,2025-12-16,CUST215,Male,41.0,North,Clothing,T-Shirt,2,836.47,1672.94,UPI,3.0,No
ORD10308,2025-12-16,CUST252,Female,52.0,South,Clothing,Jacket,1,2947.88,2947.88,UPI,5.0,No
ORD10293,2025-12-20,CUST188,Female,24.0,South,Clothing,T-Shirt,3,825.38,2476.14,UPI,5.0,No
ORD10979,2025-12-22,CUST289,Female,63.0,Central,Electronics,Smartphone,1,25326.47,25326.47,Debit Card,4.0,No
ORD10827,2025-12-22,CUST104,Female,35.0,Central,Home & Kitchen,Coffee Maker,2,3381.25,6762.5,UPI,2.0,No
ORD10347,2025-12-23,CUST155,Male,29.0,South,Electronics,Smartphone,2,26120.5,52241.0,Net Banking,4.0,No
ORD10508,2025-12-24,CUST320,Female,47.0,South,Clothing,Jeans,1,1441.03,1441.03,Cash on Delivery,3.0,No
ORD10966,2025-12-25,CUST145,Male,47.0,South,Clothing,Jacket,1,2985.85,2985.85,UPI,2.0,No
ORD10133,2025-12-25,CUST207,Male,19.0,North,Books,Novel,2,398.57,797.14,UPI,5.0,No
ORD10879,2025-12-26,CUST247,Female,20.0,South,Home & Kitchen,Blender,1,2275.09,2275.09,UPI,4.0,No
ORD10613,2025-12-26,CUST244,Male,37.0,North,Clothing,Dress,1,2081.13,2081.13,Credit Card,4.0,No
ORD10473,2025-12-27,CUST278,Male,28.0,South,Beauty,Skincare Set,1,1331.78,1331.78,UPI,3.0,No
ORD10874,2025-12-27,CUST210,Male,64.0,North,Home & Kitchen,Coffee Maker,5,3352.54,16762.7,Debit Card,3.0,No
ORD10994,2025-12-29,CUST176,Male,38.0,South,Electronics,Wireless Headphones,1,2473.59,2473.59,Cash on Delivery,4.0,No
ORD10821,2025-12-29,CUST188,Male,40.0,South,Electronics,Smart Watch,5,4555.15,22775.75,Credit Card,5.0,No
ORD10659,2025-12-29,CUST222,Female,20.0,North,Home & Kitchen,Coffee Maker,2,3390.37,6780.74,UPI,1.0,No
ORD10955,2025-12-30,CUST309,Male,,West,Home & Kitchen,Blender,1,2224.08,2224.08,UPI,4.0,Yes
ORD10233,2025-12-31,CUST162,Female,40.0,North,Clothing,Jeans,2,1431.67,2863.34,UPI,3.0,No
ORD10654,2025-12-31,CUST148,Male,24.0,North,Books,Novel,1,382.38,382.38,Credit Card,3.0,No
ORD10449,2025-12-31,CUST292,Female,22.0,Central,Home & Kitchen,Blender,5,2256.4,11282.0,UPI,2.0,No
ORD10412,2026-01-02,CUST197,Male,59.0,East,Clothing,T-Shirt,1,811.95,811.95,Debit Card,3.0,No
ORD10046,2026-01-02,CUST134,Female,34.0,North,Home & Kitchen,Bed Sheet Set,1,1164.82,1164.82,Debit Card,5.0,No
ORD10688,2026-01-04,CUST226,Female,27.0,Central,Electronics,Tablet,1,18049.06,18049.06,UPI,4.0,No
ORD10394,2026-01-04,CUST181,Male,43.0,Central,Electronics,Smartphone,1,25006.96,25006.96,UPI,5.0,No
ORD10481,2026-01-04,CUST128,Female,52.0,West,Electronics,Laptop,1,56324.86,56324.86,Debit Card,5.0,No
ORD10311,2026-01-05,CUST269,Female,61.0,North,Electronics,Tablet,1,18149.52,18149.52,Net Banking,4.0,No
ORD10844,2026-01-06,CUST192,Male,58.0,West,Books,Python Guide,5,593.17,2965.85,UPI,5.0,No
ORD10895,2026-01-06,CUST168,Male,43.0,West,Clothing,Sneakers,2,3412.98,6825.96,Credit Card,5.0,No
ORD10996,2026-01-06,CUST332,Female,60.0,Central,Electronics,Wireless Headphones,3,2508.64,7525.92,UPI,2.0,No
ORD10252,2026-01-08,CUST336,Male,36.0,East,Electronics,Laptop,1,53963.32,53963.32,UPI,3.0,No
ORD10510,2026-01-08,CUST146,Female,53.0,South,Clothing,Sneakers,3,3582.06,10746.18,Credit Card,5.0,No
ORD10012,2026-01-08,CUST345,Male,63.0,South,Electronics,Tablet,2,18892.16,37784.32,Net Banking,3.0,No
ORD10503,2026-01-08,CUST180,Male,51.0,East,Beauty,Sunscreen,5,481.78,2408.9,Debit Card,5.0,No
ORD10611,2026-01-09,CUST187,Female,,North,Home & Kitchen,Cookware Set,1,4406.34,4406.34,UPI,3.0,No
ORD10532,2026-01-09,CUST111,Female,38.0,Central,Home & Kitchen,Coffee Maker,1,3493.67,3493.67,Credit Card,5.0,No
ORD10139,2026-01-09,CUST270,Female,56.0,West,Clothing,Jeans,2,1488.34,2976.68,UPI,2.0,No
ORD10229,2026-01-10,CUST223,Male,44.0,South,Electronics,Smartphone,2,25957.06,51914.12,UPI,4.0,No
ORD10750,2026-01-11,CUST136,Male,31.0,North,Books,Python Guide,3,610.94,1832.82,Credit Card,2.0,No
ORD10384,2026-01-11,CUST130,Male,46.0,South,Books,Python Guide,1,623.06,623.06,UPI,,No
ORD10695,2026-01-12,CUST302,Female,27.0,East,Home & Kitchen,Blender,3,2152.42,6457.26,Debit Card,2.0,No
ORD10130,2026-01-12,CUST258,Male,33.0,West,Clothing,Jacket,2,3076.83,6153.66,UPI,5.0,No
ORD10984,2026-01-13,CUST297,Female,26.0,Central,Electronics,Smartphone,3,24481.68,73445.04,UPI,5.0,No
ORD10832,2026-01-13,CUST263,Male,46.0,North,Books,Self-Help Book,1,440.68,440.68,Credit Card,4.0,No
ORD10762,2026-01-14,CUST204,Female,44.0,Central,Electronics,Smart Watch,3,4335.64,13006.92,Net Banking,2.0,No
ORD10087,2026-01-14,CUST111,Male,53.0,South,Books,Data Science Handbook,5,927.57,4637.85,Debit Card,2.0,Yes
ORD10906,2026-01-15,CUST142,Female,62.0,East,Electronics,Laptop,5,53438.69,267193.45,Credit Card,4.0,No
ORD10071,2026-01-15,CUST179,Female,58.0,South,Clothing,T-Shirt,2,760.2,1520.4,UPI,3.0,No
ORD10362,2026-01-15,CUST158,Female,29.0,North,Clothing,T-Shirt,2,781.18,1562.36,UPI,4.0,No
ORD10939,2026-01-16,CUST256,Female,43.0,South,Electronics,Smartphone,2,25944.28,51888.56,Cash on Delivery,1.0,No
ORD10410,2026-01-19,CUST203,Female,61.0,South,Electronics,Smart Watch,2,4444.3,8888.6,Net Banking,4.0,No
ORD10545,2026-01-20,CUST107,Male,30.0,South,Clothing,Jeans,1,1478.8,1478.8,Credit Card,1.0,No
ORD10129,2026-01-20,CUST113,Male,59.0,South,Home & Kitchen,Coffee Maker,5,3499.13,17495.65,Credit Card,5.0,No
ORD10155,2026-01-20,CUST260,Male,36.0,West,Clothing,Jacket,2,2961.8,5923.6,Credit Card,4.0,No
ORD10653,2026-01-21,CUST271,Female,57.0,North,Books,Novel,1,392.97,392.97,Debit Card,4.0,No
ORD10147,2026-01-21,CUST219,Male,56.0,South,Clothing,Jeans,1,1561.16,1561.16,UPI,1.0,No
ORD10944,2026-01-21,CUST185,Male,58.0,South,Clothing,Sneakers,2,3349.44,6698.88,UPI,4.0,No
ORD10019,2026-01-21,CUST338,Male,,East,Clothing,Jeans,1,1436.29,1436.29,Net Banking,5.0,No
ORD10274,2026-01-21,CUST221,Male,53.0,East,Home & Kitchen,Bed Sheet Set,1,1248.04,1248.04,UPI,4.0,No
ORD10855,2026-01-21,CUST100,Female,41.0,Central,Clothing,T-Shirt,2,800.0,1600.0,UPI,5.0,No
ORD10148,2026-01-22,CUST340,Male,18.0,South,Electronics,Smartphone,2,25397.25,50794.5,UPI,4.0,No
ORD10475,2026-01-22,CUST157,Male,45.0,Central,Home & Kitchen,Cookware Set,1,4513.31,4513.31,Credit Card,4.0,No
ORD10039,2026-01-23,CUST316,Female,24.0,North,Clothing,Sneakers,2,3636.32,7272.64,Credit Card,4.0,Yes
ORD10053,2026-01-23,CUST321,Male,22.0,North,Beauty,Perfume,1,2559.48,2559.48,UPI,3.0,No
ORD10574,2026-01-24,CUST265,Female,21.0,South,Electronics,Smartphone,1,25474.56,25474.56,Cash on Delivery,5.0,No
ORD10524,2026-01-25,CUST114,Male,54.0,Central,Clothing,Dress,1,2021.14,2021.14,UPI,2.0,Yes
ORD10055,2026-01-25,CUST197,Female,64.0,South,Clothing,Jeans,2,1558.81,3117.62,UPI,4.0,No
ORD10781,2026-01-26,CUST230,Female,54.0,South,Clothing,Jacket,1,2881.26,2881.26,UPI,5.0,No
ORD10911,2026-01-26,CUST128,Male,24.0,West,Home & Kitchen,Coffee Maker,1,3337.31,3337.31,Debit Card,1.0,No
ORD10084,2026-01-27,CUST124,Male,24.0,East,Home & Kitchen,Bed Sheet Set,1,1231.5,1231.5,UPI,,No
ORD10222,2026-01-27,CUST239,Male,29.0,South,Electronics,Wireless Headphones,1,2526.68,2526.68,Debit Card,3.0,No
ORD10719,2026-01-27,CUST181,Female,56.0,South,Clothing,Jeans,1,1523.6,1523.6,UPI,4.0,No
ORD10276,2026-01-28,CUST160,Male,19.0,East,Home & Kitchen,Cookware Set,1,4577.41,4577.41,UPI,4.0,No
ORD10319,2026-01-28,CUST325,Female,19.0,East,Books,Novel,1,396.0,396.0,Cash on Delivery,1.0,No
ORD10104,2026-01-28,CUST349,Female,26.0,South,Beauty,Sunscreen,4,488.48,1953.92,Credit Card,4.0,No
ORD10441,2026-01-28,CUST318,Male,50.0,North,Books,Novel,2,392.84,785.68,Debit Card,5.0,No
ORD10678,2026-01-29,CUST226,Male,53.0,South,Electronics,Smartphone,2,24885.54,49771.08,UPI,4.0,No
ORD10387,2026-01-29,CUST237,Female,51.0,Central,Clothing,Jacket,2,3049.78,6099.56,Debit Card,5.0,No
ORD10947,2026-01-31,CUST292,Male,62.0,West,Clothing,Dress,3,2000.27,6000.81,Debit Card,2.0,No
ORD10404,2026-01-31,CUST112,Female,49.0,East,Electronics,Tablet,1,17441.88,17441.88,UPI,2.0,Yes
ORD10822,2026-01-31,CUST348,Male,36.0,West,Electronics,Smartphone,1,25010.18,25010.18,Debit Card,3.0,Yes
ORD10416,2026-01-31,CUST208,Female,62.0,South,Beauty,Skincare Set,2,1271.33,2542.66,UPI,1.0,No
ORD10370,2026-02-01,CUST280,Female,64.0,North,Home & Kitchen,Air Fryer,3,6699.96,20099.88,UPI,4.0,No
ORD10401,2026-02-01,CUST138,Female,37.0,North,Electronics,Tablet,1,17609.79,17609.79,UPI,4.0,No
ORD10103,2026-02-02,CUST185,Male,40.0,West,Electronics,Smart Watch,2,4542.11,9084.22,UPI,5.0,No
ORD10219,2026-02-02,CUST220,Male,30.0,South,Electronics,Tablet,1,17487.92,17487.92,UPI,4.0,Yes
ORD10426,2026-02-02,CUST325,Female,28.0,South,Electronics,Wireless Headphones,1,2505.03,2505.03,UPI,1.0,Yes
ORD10289,2026-02-04,CUST112,Male,51.0,South,Electronics,Smart Watch,1,4383.11,4383.11,UPI,4.0,No
ORD10991,2026-02-05,CUST112,Female,54.0,South,Books,Self-Help Book,2,453.64,907.28,Credit Card,5.0,No
ORD10225,2026-02-05,CUST136,Female,40.0,East,Electronics,Smartphone,1,24909.52,24909.52,Debit Card,4.0,No
ORD10599,2026-02-05,CUST265,Male,43.0,North,Electronics,Smart Watch,1,4447.61,4447.61,Debit Card,3.0,No
ORD10575,2026-02-05,CUST275,Female,18.0,West,Books,Novel,1,379.82,379.82,Debit Card,2.0,No
ORD10165,2026-02-05,CUST133,Female,25.0,South,Electronics,Laptop,2,52401.09,104802.18,Net Banking,3.0,No
ORD10495,2026-02-06,CUST229,Male,61.0,East,Beauty,Hair Dryer,2,1818.39,3636.78,UPI,4.0,No
ORD10058,2026-02-06,CUST200,Female,33.0,Central,Beauty,Hair Dryer,1,1983.91,1983.91,Debit Card,4.0,No
ORD10768,2026-02-06,CUST165,Male,,South,Books,Novel,1,398.46,398.46,Net Banking,2.0,No
ORD10620,2026-02-07,CUST153,Female,56.0,North,Clothing,Jeans,1,1472.1,1472.1,Net Banking,5.0,No
ORD10156,2026-02-07,CUST115,Male,42.0,South,Home & Kitchen,Cookware Set,1,4517.85,4517.85,UPI,5.0,No
ORD10177,2026-02-07,CUST343,Male,40.0,North,Beauty,Sunscreen,1,494.38,494.38,UPI,5.0,No
ORD10202,2026-02-08,CUST241,Male,,West,Home & Kitchen,Blender,1,2285.53,2285.53,UPI,1.0,No
ORD10624,2026-02-09,CUST260,Female,44.0,South,Electronics,Tablet,1,17671.07,17671.07,UPI,5.0,No
ORD10546,2026-02-09,CUST178,Female,62.0,North,Clothing,Sneakers,1,3475.64,3475.64,Credit Card,2.0,No
ORD10839,2026-02-09,CUST294,Female,58.0,South,Clothing,Jacket,1,2957.79,2957.79,Debit Card,5.0,No
ORD10097,2026-02-11,CUST115,Female,26.0,South,Home & Kitchen,Blender,1,2227.09,2227.09,UPI,3.0,No
ORD10111,2026-02-11,CUST214,Female,55.0,East,Home & Kitchen,Blender,2,2207.85,4415.7,Debit Card,3.0,No
ORD10838,2026-02-11,CUST109,Female,45.0,South,Electronics,Laptop,1,55146.27,55146.27,UPI,2.0,No
ORD10509,2026-02-12,CUST120,Male,49.0,North,Clothing,Dress,2,2026.85,4053.7,UPI,3.0,No
ORD10282,2026-02-12,CUST161,Female,39.0,Central,Clothing,Dress,4,1901.07,7604.28,Credit Card,,No
ORD10482,2026-02-13,CUST103,Female,43.0,North,Beauty,Hair Dryer,2,1872.2,3744.4,UPI,4.0,No
ORD10764,2026-02-14,CUST349,Male,23.0,South,Clothing,Jeans,1,1495.7,1495.7,UPI,4.0,No
ORD10725,2026-02-14,CUST195,Female,30.0,South,Clothing,T-Shirt,1,759.91,759.91,UPI,4.0,Yes
ORD10810,2026-02-15,CUST210,Male,47.0,East,Home & Kitchen,Cookware Set,1,4361.17,4361.17,Credit Card,,No
ORD10793,2026-02-15,CUST321,Female,28.0,South,Electronics,Smart Watch,3,4339.27,13017.81,UPI,5.0,Yes
ORD10135,2026-02-15,CUST144,Male,30.0,North,Clothing,Sneakers,1,3395.77,3395.77,Debit Card,5.0,No
ORD10383,2026-02-17,CUST342,Female,20.0,Central,Home & Kitchen,Cookware Set,3,4661.27,13983.81,UPI,2.0,No
ORD10018,2026-02-18,CUST135,Male,61.0,North,Electronics,Smartphone,1,24980.92,24980.92,Credit Card,3.0,No
ORD10186,2026-02-19,CUST115,Male,28.0,West,Clothing,Sneakers,1,3397.57,3397.57,Cash on Delivery,4.0,No
ORD10501,2026-02-19,CUST126,Male,33.0,North,Home & Kitchen,Bed Sheet Set,1,1140.49,1140.49,UPI,,No
ORD10459,2026-02-19,CUST303,Female,47.0,Central,Electronics,Laptop,1,56261.78,56261.78,Credit Card,5.0,No
ORD10159,2026-02-20,CUST207,Female,34.0,South,Clothing,Dress,2,2038.86,4077.72,UPI,5.0,No
ORD10366,2026-02-21,CUST112,Male,53.0,North,Electronics,Smartphone,2,24113.06,48226.12,Credit Card,5.0,No
ORD10858,2026-02-22,CUST217,Male,39.0,South,Electronics,Wireless Headphones,1,2514.17,2514.17,UPI,4.0,No
ORD10922,2026-02-22,CUST183,Male,49.0,North,Electronics,Smart Watch,2,4376.34,8752.68,UPI,4.0,No
ORD10377,2026-02-22,CUST106,Male,42.0,South,Clothing,T-Shirt,1,771.49,771.49,Debit Card,2.0,Yes
ORD10745,2026-02-23,CUST258,Female,60.0,South,Books,Novel,1,411.88,411.88,UPI,5.0,No
ORD10085,2026-02-23,CUST309,Female,20.0,East,Home & Kitchen,Blender,2,2227.9,4455.8,UPI,4.0,No
ORD10789,2026-02-24,CUST125,Female,33.0,East,Home & Kitchen,Blender,1,2213.55,2213.55,UPI,5.0,No
ORD10206,2026-02-24,CUST167,Female,45.0,East,Beauty,Perfume,4,2504.05,10016.2,UPI,5.0,No
ORD10841,2026-02-24,CUST113,Female,35.0,North,Electronics,Laptop,2,54685.05,109370.1,UPI,2.0,No
ORD10385,2026-02-24,CUST122,Female,58.0,South,Books,Self-Help Book,1,442.17,442.17,Credit Card,3.0,No
ORD10207,2026-02-26,CUST245,Male,28.0,West,Electronics,Laptop,1,53082.76,53082.76,Credit Card,4.0,No
ORD10582,2026-02-26,CUST216,Female,28.0,North,Electronics,Smart Watch,1,4411.51,4411.51,UPI,4.0,No
ORD10772,2026-02-26,CUST105,Female,27.0,South,Electronics,Laptop,1,56288.7,56288.7,UPI,5.0,No
ORD10446,2026-02-26,CUST244,Male,49.0,West,Books,Self-Help Book,1,448.04,448.04,UPI,5.0,No
ORD10892,2026-02-28,CUST328,Male,21.0,West,Beauty,Perfume,4,2457.2,9828.8,Credit Card,5.0,No
ORD10689,2026-03-01,CUST102,Male,49.0,South,Clothing,Jacket,1,2989.33,2989.33,UPI,4.0,No
ORD10364,2026-03-03,CUST147,Male,33.0,North,Home & Kitchen,Coffee Maker,3,3461.04,10383.12,UPI,3.0,No
ORD10048,2026-03-04,CUST341,Female,49.0,South,Books,Data Science Handbook,1,863.37,863.37,Credit Card,4.0,No
ORD10888,2026-03-05,CUST100,Male,58.0,South,Electronics,Laptop,2,55692.91,111385.82,UPI,4.0,No
ORD10845,2026-03-07,CUST109,Male,44.0,South,Electronics,Wireless Headphones,1,2423.45,2423.45,UPI,4.0,Yes
ORD10343,2026-03-08,CUST192,Male,64.0,North,Clothing,T-Shirt,1,816.68,816.68,Credit Card,1.0,No
ORD10721,2026-03-11,CUST245,Male,51.0,West,Home & Kitchen,Bed Sheet Set,1,1226.44,1226.44,UPI,3.0,No
ORD10580,2026-03-11,CUST345,Female,40.0,South,Electronics,Smartphone,3,26144.42,78433.26,UPI,4.0,No
ORD10586,2026-03-11,CUST238,Female,18.0,South,Clothing,T-Shirt,1,765.67,765.67,UPI,5.0,No
ORD10332,2026-03-11,CUST275,Female,41.0,East,Electronics,Smart Watch,1,4523.72,4523.72,Credit Card,4.0,No
ORD10883,2026-03-11,CUST300,Female,27.0,South,Home & Kitchen,Cookware Set,1,4357.43,4357.43,UPI,3.0,No
ORD10849,2026-03-12,CUST100,Female,,North,Beauty,Hair Dryer,1,1902.51,1902.51,Debit Card,4.0,No
ORD10001,2026-03-12,CUST263,Male,62.0,South,Clothing,Dress,3,2042.59,6127.77,UPI,2.0,No
ORD10549,2026-03-13,CUST149,Female,26.0,South,Electronics,Tablet,1,17669.64,17669.64,Credit Card,4.0,No
ORD10697,2026-03-13,CUST345,Female,34.0,Central,Home & Kitchen,Air Fryer,1,6427.26,6427.26,Debit Card,2.0,No
ORD10234,2026-03-14,CUST145,Male,38.0,South,Books,Data Science Handbook,1,862.8,862.8,Net Banking,4.0,No
ORD10568,2026-03-14,CUST116,Female,35.0,East,Home & Kitchen,Cookware Set,1,4541.11,4541.11,Credit Card,,No
ORD10161,2026-03-15,CUST293,Female,49.0,West,Home & Kitchen,Blender,2,2207.23,4414.46,UPI,2.0,No
ORD10494,2026-03-17,CUST131,Male,21.0,South,Electronics,Tablet,2,18164.34,36328.68,UPI,1.0,Yes
ORD10791,2026-03-17,CUST199,Female,50.0,West,Clothing,Dress,1,1955.96,1955.96,UPI,5.0,No
ORD10717,2026-03-17,CUST150,Male,64.0,East,Clothing,Dress,1,2098.18,2098.18,Debit Card,3.0,No
ORD10972,2026-03-18,CUST307,Male,30.0,North,Books,Data Science Handbook,2,921.33,1842.66,Credit Card,2.0,No
ORD10144,2026-03-18,CUST207,Female,44.0,North,Books,Python Guide,1,603.99,603.99,UPI,5.0,No
ORD10353,2026-03-18,CUST336,Male,51.0,West,Home & Kitchen,Air Fryer,1,6530.59,6530.59,Net Banking,,No
ORD10693,2026-03-19,CUST205,Female,28.0,North,Home & Kitchen,Coffee Maker,1,3466.39,3466.39,UPI,5.0,No
ORD10915,2026-03-19,CUST283,Female,18.0,South,Electronics,Wireless Headphones,2,2585.59,5171.18,Credit Card,4.0,No
ORD10302,2026-03-20,CUST166,Male,45.0,East,Electronics,Wireless Headphones,3,2622.96,7868.88,Cash on Delivery,5.0,No
ORD10460,2026-03-21,CUST263,Female,20.0,East,Clothing,T-Shirt,1,804.78,804.78,Debit Card,5.0,No
ORD10405,2026-03-21,CUST145,Male,45.0,South,Clothing,Dress,1,1922.38,1922.38,Credit Card,5.0,No
ORD10702,2026-03-22,CUST124,Female,54.0,South,Beauty,Skincare Set,1,1241.62,1241.62,Credit Card,,No
ORD10559,2026-03-22,CUST221,Male,37.0,Central,Clothing,Jeans,1,1501.64,1501.64,Credit Card,4.0,No
ORD10328,2026-03-23,CUST245,Female,64.0,West,Clothing,Jeans,1,1451.16,1451.16,UPI,1.0,No
ORD10587,2026-03-23,CUST163,Male,34.0,East,Electronics,Tablet,2,17705.35,35410.7,Debit Card,4.0,No
ORD10783,2026-03-24,CUST117,Female,24.0,East,Electronics,Wireless Headphones,2,2512.16,5024.32,Net Banking,4.0,No
ORD10560,2026-03-25,CUST230,Female,47.0,North,Beauty,Sunscreen,2,507.79,1015.58,Credit Card,5.0,No
ORD10604,2026-03-26,CUST132,Male,24.0,South,Books,Novel,1,413.32,413.32,Debit Card,3.0,No
ORD10526,2026-03-26,CUST288,Male,53.0,South,Home & Kitchen,Cookware Set,2,4666.51,9333.02,Credit Card,2.0,No
ORD10467,2026-03-27,CUST238,Male,60.0,West,Clothing,Dress,1,1948.3,1948.3,UPI,5.0,No
ORD10929,2026-03-28,CUST277,Male,52.0,Central,Home & Kitchen,Coffee Maker,3,3427.0,10281.0,UPI,5.0,No
ORD10241,2026-03-29,CUST298,Male,61.0,South,Clothing,Dress,1,2007.24,2007.24,UPI,5.0,No
ORD10194,2026-03-29,CUST202,Female,49.0,West,Clothing,T-Shirt,4,832.61,3330.44,Credit Card,4.0,No
ORD10339,2026-03-29,CUST139,Male,18.0,South,Beauty,Perfume,1,2524.97,2524.97,Cash on Delivery,5.0,No
ORD10409,2026-03-31,CUST116,Female,43.0,Central,Electronics,Smart Watch,1,4561.57,4561.57,Cash on Delivery,3.0,No
ORD10047,2026-03-31,CUST230,Male,50.0,South,Clothing,T-Shirt,2,760.62,1521.24,Credit Card,1.0,No
ORD10990,2026-03-31,CUST275,Female,50.0,West,Books,Self-Help Book,1,446.04,446.04,UPI,4.0,Yes
ORD10134,2026-04-01,CUST287,Female,43.0,South,Electronics,Smartphone,3,25556.92,76670.76,Net Banking,3.0,No
ORD10063,2026-04-01,CUST116,Male,60.0,South,Electronics,Smart Watch,3,4372.7,13118.1,Credit Card,3.0,No
ORD10472,2026-04-01,CUST259,Female,30.0,North,Beauty,Perfume,4,2537.84,10151.36,Debit Card,4.0,No
ORD10556,2026-04-02,CUST280,Female,24.0,South,Clothing,Dress,1,2003.06,2003.06,UPI,5.0,No
ORD10388,2026-04-02,CUST259,Female,51.0,North,Clothing,Sneakers,2,3345.51,6691.02,Credit Card,5.0,No
ORD10904,2026-04-03,CUST341,Female,47.0,West,Electronics,Smartphone,1,25585.57,25585.57,Credit Card,4.0,No
ORD10551,2026-04-03,CUST298,Male,51.0,East,Electronics,Smartphone,2,25416.31,50832.62,UPI,4.0,No
ORD10010,2026-04-04,CUST210,Male,37.0,South,Electronics,Wireless Headphones,2,2550.29,5100.58,UPI,1.0,No
ORD10751,2026-04-04,CUST103,Male,51.0,South,Electronics,Smartphone,2,25277.56,50555.12,Credit Card,4.0,No
ORD10826,2026-04-05,CUST328,Male,41.0,North,Electronics,Smartphone,2,23910.63,47821.26,Credit Card,4.0,No
ORD10227,2026-04-05,CUST328,Female,46.0,South,Electronics,Smart Watch,4,4522.44,18089.76,UPI,4.0,No
ORD10023,2026-04-05,CUST343,Female,,Central,Books,Novel,1,384.21,384.21,UPI,2.0,No
ORD10107,2026-04-06,CUST178,Male,31.0,North,Clothing,Sneakers,2,3361.07,6722.14,Credit Card,5.0,No
ORD10522,2026-04-06,CUST223,Female,61.0,West,Home & Kitchen,Coffee Maker,5,3515.41,17577.05,Credit Card,5.0,No
ORD10541,2026-04-06,CUST316,Female,44.0,North,Electronics,Smartphone,2,24386.65,48773.3,Debit Card,3.0,No
ORD10099,2026-04-07,CUST244,Female,53.0,North,Electronics,Smart Watch,3,4318.49,12955.47,UPI,5.0,No
ORD10064,2026-04-07,CUST173,Female,20.0,East,Clothing,Sneakers,2,3425.22,6850.44,UPI,4.0,No
ORD10835,2026-04-07,CUST146,Male,19.0,North,Clothing,Jeans,1,1548.92,1548.92,Debit Card,5.0,No
ORD10175,2026-04-09,CUST138,Female,21.0,West,Beauty,Hair Dryer,2,1874.75,3749.5,Debit Card,3.0,No
ORD10622,2026-04-11,CUST191,Female,45.0,South,Home & Kitchen,Blender,1,2118.33,2118.33,UPI,2.0,No
ORD10007,2026-04-12,CUST153,Female,45.0,South,Books,Data Science Handbook,1,907.78,907.78,UPI,4.0,No
ORD10712,2026-04-13,CUST320,Female,32.0,West,Home & Kitchen,Bed Sheet Set,2,1177.15,2354.3,Debit Card,2.0,Yes
ORD10871,2026-04-14,CUST143,Female,36.0,Central,Clothing,Jacket,3,3051.24,9153.72,UPI,4.0,No
ORD10418,2026-04-14,CUST339,Male,28.0,South,Beauty,Sunscreen,2,482.89,965.78,Credit Card,5.0,No
ORD10933,2026-04-14,CUST107,Male,64.0,South,Books,Data Science Handbook,1,866.65,866.65,Credit Card,,Yes
ORD10686,2026-04-15,CUST121,Female,48.0,East,Electronics,Smartphone,1,25738.22,25738.22,UPI,4.0,No
ORD10228,2026-04-15,CUST270,Male,50.0,East,Electronics,Smart Watch,3,4573.57,13720.71,Credit Card,4.0,No
ORD10505,2026-04-16,CUST335,Female,30.0,North,Clothing,T-Shirt,3,773.26,2319.78,Net Banking,4.0,No
ORD10945,2026-04-16,CUST274,Male,59.0,Central,Beauty,Skincare Set,1,1346.68,1346.68,UPI,4.0,No
ORD10290,2026-04-16,CUST219,Female,26.0,East,Beauty,Skincare Set,1,1315.81,1315.81,Credit Card,,No
ORD10140,2026-04-17,CUST267,Male,20.0,West,Books,Novel,2,415.2,830.4,UPI,3.0,No
ORD10080,2026-04-17,CUST217,Female,,South,Books,Python Guide,2,601.19,1202.38,Cash on Delivery,4.0,No
ORD10184,2026-04-18,CUST335,Male,35.0,South,Clothing,Dress,1,1938.57,1938.57,Cash on Delivery,5.0,No
ORD10213,2026-04-18,CUST280,Female,51.0,North,Clothing,Dress,1,1977.06,1977.06,Cash on Delivery,4.0,No
ORD10125,2026-04-18,CUST286,Male,19.0,North,Home & Kitchen,Air Fryer,4,6528.67,26114.68,Debit Card,4.0,No
ORD10671,2026-04-19,CUST171,Male,40.0,South,Books,Self-Help Book,1,464.26,464.26,Credit Card,4.0,No
ORD10649,2026-04-19,CUST242,Female,58.0,North,Beauty,Perfume,1,2492.15,2492.15,Credit Card,3.0,No
ORD10342,2026-04-19,CUST161,Female,33.0,South,Beauty,Hair Dryer,2,1976.22,3952.44,UPI,3.0,No
ORD10316,2026-04-19,CUST104,Female,54.0,South,Clothing,Jeans,1,1455.27,1455.27,Credit Card,5.0,No
ORD10857,2026-04-20,CUST163,Male,55.0,Central,Electronics,Tablet,3,18371.96,55115.88,Debit Card,4.0,No
ORD10027,2026-04-20,CUST208,Female,40.0,North,Home & Kitchen,Coffee Maker,2,3382.6,6765.2,UPI,5.0,No
ORD10361,2026-04-20,CUST196,Female,24.0,West,Clothing,Jacket,1,2976.32,2976.32,Debit Card,4.0,No
ORD10548,2026-04-21,CUST273,Female,53.0,South,Home & Kitchen,Blender,2,2271.34,4542.68,Credit Card,4.0,No
ORD10992,2026-04-21,CUST172,Male,26.0,East,Clothing,Sneakers,3,3494.84,10484.52,UPI,4.0,Yes
ORD10471,2026-04-21,CUST178,Female,28.0,East,Clothing,Jeans,1,1430.56,1430.56,Net Banking,1.0,No
ORD10030,2026-04-21,CUST300,Male,28.0,East,Home & Kitchen,Blender,3,2117.55,6352.65,Cash on Delivery,4.0,No
ORD10909,2026-04-21,CUST316,Female,62.0,North,Home & Kitchen,Air Fryer,1,6513.3,6513.3,UPI,1.0,No
ORD10877,2026-04-21,CUST207,Female,51.0,East,Clothing,T-Shirt,2,813.69,1627.38,Net Banking,4.0,No
ORD10057,2026-04-22,CUST118,Male,48.0,West,Clothing,T-Shirt,1,768.3,768.3,UPI,4.0,No
ORD10889,2026-04-22,CUST218,Male,53.0,North,Books,Self-Help Book,4,453.26,1813.04,UPI,4.0,No
ORD10250,2026-04-22,CUST216,Male,37.0,South,Home & Kitchen,Bed Sheet Set,2,1223.8,2447.6,Credit Card,5.0,Yes
ORD10280,2026-04-22,CUST277,Male,55.0,South,Home & Kitchen,Coffee Maker,3,3418.89,10256.67,Net Banking,3.0,No
ORD10787,2026-04-23,CUST324,Female,36.0,South,Home & Kitchen,Coffee Maker,1,3516.24,3516.24,UPI,4.0,Yes
ORD10591,2026-04-26,CUST120,Male,58.0,West,Clothing,T-Shirt,1,759.83,759.83,UPI,4.0,No
ORD10240,2026-04-26,CUST252,Male,,North,Home & Kitchen,Coffee Maker,1,3620.29,3620.29,UPI,4.0,No
ORD10419,2026-04-29,CUST169,Female,30.0,East,Clothing,Jacket,1,2964.22,2964.22,Credit Card,5.0,No
ORD10035,2026-04-30,CUST300,Female,45.0,West,Electronics,Smart Watch,2,4708.0,9416.0,Credit Card,4.0,No
ORD10665,2026-04-30,CUST322,Male,55.0,Central,Electronics,Smartphone,3,25764.76,77294.28,UPI,1.0,No
ORD10110,2026-04-30,CUST236,Female,48.0,South,Clothing,T-Shirt,5,787.93,3939.65,Net Banking,5.0,No
ORD10324,2026-05-03,CUST171,Male,27.0,South,Home & Kitchen,Air Fryer,1,6393.62,6393.62,UPI,,No
ORD10561,2026-05-03,CUST247,Female,52.0,East,Clothing,Sneakers,3,3425.49,10276.47,Credit Card,3.0,No
ORD10182,2026-05-04,CUST161,Female,,North,Home & Kitchen,Air Fryer,1,6278.7,6278.7,Credit Card,3.0,No
ORD10273,2026-05-05,CUST119,Male,30.0,South,Clothing,T-Shirt,2,774.23,1548.46,Credit Card,5.0,No
ORD10088,2026-05-05,CUST242,Male,42.0,South,Clothing,Sneakers,1,3651.0,3651.0,Credit Card,4.0,No
ORD10928,2026-05-06,CUST179,Male,44.0,South,Electronics,Wireless Headphones,1,2528.54,2528.54,Credit Card,5.0,No
ORD10434,2026-05-07,CUST121,Male,58.0,South,Clothing,T-Shirt,1,775.0,775.0,Credit Card,5.0,No
ORD10017,2026-05-07,CUST349,Male,43.0,South,Books,Self-Help Book,2,454.24,908.48,UPI,4.0,No
ORD10072,2026-05-08,CUST315,Female,41.0,South,Clothing,Jeans,2,1523.88,3047.76,UPI,3.0,No
ORD10381,2026-05-08,CUST157,Female,21.0,North,Beauty,Skincare Set,2,1237.27,2474.54,Credit Card,5.0,Yes
ORD10970,2026-05-09,CUST246,Female,36.0,East,Books,Python Guide,1,621.46,621.46,Debit Card,2.0,No
ORD10448,2026-05-11,CUST217,Male,63.0,South,Clothing,T-Shirt,1,791.58,791.58,Debit Card,4.0,No
ORD10258,2026-05-12,CUST317,Female,56.0,South,Clothing,T-Shirt,1,800.94,800.94,UPI,4.0,No
ORD10359,2026-05-12,CUST267,Female,42.0,East,Clothing,Jacket,1,3140.08,3140.08,Credit Card,4.0,No
ORD10143,2026-05-12,CUST314,Female,31.0,South,Electronics,Laptop,3,53327.89,159983.67,Credit Card,5.0,No
ORD10374,2026-05-14,CUST254,Male,25.0,South,Home & Kitchen,Coffee Maker,2,3620.93,7241.86,Credit Card,4.0,No
ORD10083,2026-05-14,CUST299,Female,47.0,South,Beauty,Skincare Set,2,1359.06,2718.12,UPI,3.0,No
ORD10953,2026-05-15,CUST257,Male,64.0,Central,Electronics,Smart Watch,2,4375.97,8751.94,Credit Card,,No
ORD10784,2026-05-15,CUST139,Male,31.0,East,Electronics,Tablet,2,17336.82,34673.64,UPI,5.0,Yes
ORD10451,2026-05-15,CUST317,Female,55.0,West,Beauty,Perfume,1,2597.65,2597.65,UPI,3.0,No
ORD10930,2026-05-15,CUST333,Male,38.0,South,Beauty,Skincare Set,1,1239.03,1239.03,UPI,4.0,No
ORD10380,2026-05-16,CUST144,Female,39.0,West,Clothing,Sneakers,5,3641.67,18208.35,UPI,2.0,No
ORD10865,2026-05-16,CUST328,Male,55.0,West,Electronics,Smart Watch,1,4479.23,4479.23,UPI,4.0,No
ORD10519,2026-05-17,CUST230,Female,39.0,South,Clothing,Dress,2,1911.68,3823.36,Debit Card,3.0,No
ORD10898,2026-05-17,CUST278,Female,32.0,North,Books,Self-Help Book,1,440.95,440.95,UPI,4.0,No
ORD10102,2026-05-18,CUST312,Male,57.0,South,Clothing,Jeans,1,1443.06,1443.06,UPI,,No
ORD10699,2026-05-18,CUST186,Male,64.0,South,Beauty,Hair Dryer,1,1903.13,1903.13,UPI,3.0,No
ORD10096,2026-05-18,CUST109,Male,22.0,South,Electronics,Laptop,2,52337.56,104675.12,UPI,3.0,No
ORD10777,2026-05-18,CUST285,Male,,West,Electronics,Laptop,2,57439.54,114879.08,Debit Card,4.0,No
ORD10221,2026-05-19,CUST295,Male,23.0,East,Electronics,Laptop,1,55001.6,55001.6,UPI,5.0,No
ORD10716,2026-05-19,CUST131,Female,18.0,Central,Beauty,Sunscreen,1,490.09,490.09,UPI,5.0,No
ORD10033,2026-05-20,CUST344,Female,44.0,West,Electronics,Smartphone,2,25537.25,51074.5,Debit Card,5.0,Yes
ORD10478,2026-05-20,CUST325,Male,58.0,North,Books,Novel,1,381.95,381.95,UPI,4.0,No
ORD10411,2026-05-21,CUST322,Male,24.0,North,Books,Self-Help Book,2,453.1,906.2,Credit Card,4.0,No
ORD10662,2026-05-21,CUST105,Female,21.0,West,Clothing,Sneakers,1,3445.15,3445.15,UPI,1.0,No
ORD10123,2026-05-21,CUST326,Male,55.0,Central,Electronics,Laptop,1,53187.96,53187.96,UPI,3.0,No
ORD10284,2026-05-21,CUST315,Female,53.0,South,Home & Kitchen,Blender,2,2188.29,4376.58,Net Banking,4.0,No
ORD10954,2026-05-21,CUST213,Female,50.0,Central,Electronics,Tablet,1,17140.62,17140.62,UPI,5.0,No
ORD10480,2026-05-23,CUST325,Female,21.0,West,Electronics,Smart Watch,1,4579.67,4579.67,Net Banking,5.0,No
ORD10660,2026-05-23,CUST233,Female,,West,Home & Kitchen,Coffee Maker,4,3454.05,13816.2,UPI,4.0,No
ORD10601,2026-05-23,CUST110,Female,62.0,South,Clothing,Jeans,1,1441.35,1441.35,UPI,4.0,No
ORD10049,2026-05-24,CUST328,Male,25.0,South,Home & Kitchen,Air Fryer,1,6395.03,6395.03,Credit Card,1.0,No
ORD10146,2026-05-25,CUST114,Female,56.0,East,Electronics,Smart Watch,4,4520.17,18080.68,UPI,4.0,No
ORD10212,2026-05-25,CUST292,Female,44.0,East,Beauty,Sunscreen,5,477.56,2387.8,Credit Card,3.0,No
ORD10029,2026-05-26,CUST325,Male,44.0,North,Electronics,Laptop,1,56157.32,56157.32,UPI,3.0,No
ORD10169,2026-05-26,CUST240,Female,45.0,South,Clothing,Sneakers,1,3577.65,3577.65,Credit Card,4.0,No
ORD10179,2026-05-26,CUST289,Male,35.0,South,Home & Kitchen,Cookware Set,2,4338.98,8677.96,UPI,3.0,No
ORD10452,2026-05-26,CUST219,Male,39.0,Central,Clothing,Jacket,1,2972.19,2972.19,Cash on Delivery,3.0,No
ORD10735,2026-05-26,CUST192,Male,34.0,South,Home & Kitchen,Cookware Set,3,4556.82,13670.46,Cash on Delivery,3.0,No
ORD10544,2026-05-26,CUST152,Female,61.0,Central,Beauty,Perfume,2,2401.67,4803.34,Debit Card,1.0,No
ORD10288,2026-05-27,CUST329,Female,62.0,South,Clothing,Dress,2,2068.66,4137.32,UPI,5.0,No
ORD10245,2026-05-27,CUST171,Female,64.0,South,Electronics,Tablet,1,17284.49,17284.49,UPI,1.0,No
ORD10753,2026-05-28,CUST207,Male,41.0,South,Books,Data Science Handbook,1,922.04,922.04,Debit Card,5.0,No
ORD10321,2026-05-28,CUST223,Male,34.0,South,Beauty,Hair Dryer,1,1948.74,1948.74,Debit Card,5.0,No
ORD10502,2026-05-28,CUST294,Female,19.0,South,Clothing,Jacket,2,3128.99,6257.98,Credit Card,4.0,No
ORD10625,2026-05-28,CUST301,Female,21.0,North,Home & Kitchen,Cookware Set,1,4447.23,4447.23,UPI,5.0,No
ORD10942,2026-05-29,CUST104,Female,34.0,West,Clothing,Sneakers,2,3441.91,6883.82,UPI,5.0,No
ORD10355,2026-05-31,CUST105,Female,23.0,North,Home & Kitchen,Coffee Maker,1,3365.97,3365.97,Net Banking,,No
ORD10700,2026-05-31,CUST111,Female,42.0,West,Electronics,Smart Watch,5,4283.75,21418.75,Credit Card,4.0,No
ORD10242,2026-05-31,CUST151,Female,28.0,South,Clothing,Sneakers,1,3520.92,3520.92,Debit Card,3.0,No
ORD10798,2026-06-01,CUST177,Male,23.0,North,Electronics,Wireless Headphones,2,2581.36,5162.72,Credit Card,5.0,No
ORD10443,2026-06-01,CUST116,Female,44.0,South,Clothing,Jacket,1,3094.3,3094.3,Debit Card,5.0,No
ORD10547,2026-06-02,CUST126,Female,27.0,North,Clothing,T-Shirt,5,818.13,4090.65,UPI,4.0,Yes
ORD10690,2026-06-02,CUST226,Female,51.0,South,Beauty,Skincare Set,1,1297.76,1297.76,UPI,4.0,No
ORD10253,2026-06-02,CUST209,Female,29.0,South,Home & Kitchen,Air Fryer,1,6632.08,6632.08,Net Banking,5.0,No
ORD10437,2026-06-03,CUST195,Male,22.0,North,Electronics,Tablet,1,18273.36,18273.36,UPI,5.0,No
ORD10612,2026-06-04,CUST140,Female,59.0,East,Electronics,Wireless Headphones,4,2563.77,10255.08,Credit Card,4.0,No
ORD10963,2026-06-05,CUST318,Male,28.0,South,Clothing,Jeans,1,1506.14,1506.14,Credit Card,4.0,Yes
ORD10077,2026-06-05,CUST180,Female,,North,Books,Data Science Handbook,2,865.34,1730.68,UPI,3.0,Yes
ORD10797,2026-06-06,CUST113,Male,34.0,East,Home & Kitchen,Bed Sheet Set,1,1203.83,1203.83,UPI,5.0,No
ORD10349,2026-06-06,CUST197,Female,59.0,North,Electronics,Laptop,1,56935.83,56935.83,UPI,5.0,No
ORD10943,2026-06-07,CUST338,Male,60.0,North,Electronics,Smart Watch,2,4662.5,9325.0,Debit Card,2.0,No
ORD10627,2026-06-08,CUST259,Female,,North,Beauty,Skincare Set,1,1303.9,1303.9,Net Banking,4.0,No
ORD10675,2026-06-09,CUST183,Female,44.0,East,Books,Python Guide,1,569.22,569.22,UPI,1.0,No
ORD10116,2026-06-09,CUST314,Female,31.0,South,Electronics,Laptop,2,55483.46,110966.92,Debit Card,1.0,No
ORD10283,2026-06-09,CUST244,Female,50.0,East,Books,Novel,3,401.76,1205.28,UPI,3.0,No
ORD10395,2026-06-09,CUST199,Male,21.0,North,Clothing,Jeans,2,1535.52,3071.04,Credit Card,4.0,No
ORD10499,2026-06-10,CUST121,Male,60.0,East,Electronics,Tablet,3,18089.43,54268.29,Credit Card,3.0,No
ORD10655,2026-06-10,CUST203,Female,56.0,West,Books,Data Science Handbook,2,934.63,1869.26,Net Banking,5.0,No
ORD10771,2026-06-10,CUST263,Female,60.0,West,Electronics,Smartphone,1,24311.4,24311.4,Debit Card,5.0,No
ORD10962,2026-06-10,CUST175,Male,50.0,North,Electronics,Wireless Headphones,2,2555.85,5111.7,Debit Card,4.0,No
ORD10648,2026-06-10,CUST341,Female,48.0,South,Electronics,Smartphone,2,25837.39,51674.78,Credit Card,5.0,No
ORD10860,2026-06-13,CUST127,Female,60.0,South,Books,Self-Help Book,2,452.0,904.0,UPI,5.0,No
ORD10464,2026-06-15,CUST303,Female,25.0,South,Electronics,Smart Watch,3,4610.0,13830.0,Credit Card,4.0,No
ORD10728,2026-06-16,CUST158,Male,37.0,North,Clothing,Dress,3,2055.83,6167.49,Credit Card,5.0,No
ORD10493,2026-06-16,CUST215,Male,23.0,East,Clothing,Jacket,1,3060.59,3060.59,Debit Card,4.0,No
ORD10948,2026-06-16,CUST154,Male,57.0,South,Electronics,Tablet,1,17325.16,17325.16,UPI,4.0,No
ORD10623,2026-06-18,CUST247,Female,63.0,East,Beauty,Hair Dryer,2,1888.69,3777.38,UPI,4.0,No
ORD10673,2026-06-21,CUST191,Male,54.0,North,Electronics,Tablet,1,17237.34,17237.34,Credit Card,5.0,No
ORD10853,2026-06-21,CUST270,Female,33.0,South,Clothing,Jacket,1,3132.17,3132.17,UPI,5.0,No
ORD10281,2026-06-22,CUST181,Female,28.0,West,Books,Self-Help Book,1,427.83,427.83,UPI,4.0,No
ORD10517,2026-06-24,CUST284,Female,37.0,North,Electronics,Smartphone,1,24188.95,24188.95,Debit Card,4.0,No
ORD10114,2026-06-25,CUST341,Male,25.0,North,Electronics,Tablet,1,18549.84,18549.84,UPI,4.0,No
ORD10593,2026-06-26,CUST321,Male,21.0,South,Electronics,Wireless Headphones,5,2588.61,12943.05,Credit Card,4.0,No
ORD10706,2026-06-27,CUST246,Female,53.0,South,Books,Self-Help Book,2,440.9,881.8,Net Banking,5.0,No
ORD10363,2026-06-29,CUST158,Male,33.0,East,Electronics,Tablet,1,17638.07,17638.07,Credit Card,3.0,No
